sample,nav_state,abort_reason,waypoint_index,estimated_altitude_cm,estimated_vario_cm_s
0,1,0,0,16,19
1,1,0,0,26,46
2,1,0,0,42,75
3,1,0,0,65,88
4,2,0,0,88,86
5,2,0,0,110,73
6,2,0,0,126,54
7,2,0,0,140,37
8,2,0,0,149,25
9,2,0,0,156,15
10,2,0,0,161,7
11,2,0,0,165,0
12,2,0,0,167,0
13,2,0,0,168,0
14,2,0,0,168,0
15,2,0,0,168,0
16,2,0,0,167,0
17,2,0,0,166,0
18,2,0,0,165,0
19,2,0,0,163,0
20,2,0,0,161,0
21,2,0,0,159,0
22,2,0,0,157,0
23,2,0,0,155,0
24,2,0,0,153,0
25,2,0,0,152,0
26,2,0,0,150,0
27,2,0,0,149,0
28,2,0,0,148,0
29,2,0,0,146,0
30,2,0,0,145,0
31,2,0,0,144,0
32,2,0,0,143,0
33,2,0,0,143,0
34,2,0,0,143,0
35,2,0,0,142,0
36,2,0,0,142,0
37,2,0,0,142,0
38,2,0,0,142,0
39,2,0,0,142,0
40,2,0,0,142,0
41,2,0,0,141,0
42,2,0,0,141,0
43,2,0,0,141,0
44,2,0,0,141,0
45,2,0,0,140,0
46,2,0,0,139,0
47,2,0,0,138,0
48,2,0,0,138,0
49,2,0,0,139,0
50,2,0,0,140,0
51,2,0,0,140,0
52,2,0,0,141,0
53,2,0,0,141,0
54,2,0,0,142,0
55,2,0,0,142,0
56,2,0,0,142,0
57,2,0,0,143,0
58,2,0,0,143,0
59,2,0,0,143,0
60,2,0,0,143,0
61,2,0,0,143,0
62,2,0,0,144,0
63,2,0,0,144,0
64,2,0,0,144,0
65,2,0,0,144,0
66,2,0,0,144,0
67,2,0,0,144,0
68,2,0,0,144,0
69,2,0,0,144,0
70,2,0,0,144,0
71,2,0,0,144,0
72,2,0,0,144,0
73,2,0,0,144,0
74,2,0,0,144,0
75,2,0,0,144,0
76,2,0,0,144,0
77,2,0,0,144,0
78,2,0,0,144,0
79,2,0,0,144,0
80,2,0,0,144,0
81,2,0,0,143,0
82,2,0,0,143,0
83,2,0,0,143,0
84,2,0,0,143,0
85,2,0,0,143,0
86,2,0,0,143,0
87,2,0,0,143,0
88,2,0,0,142,0
89,2,0,0,142,0
90,2,0,0,142,0
91,2,0,0,142,0
92,2,0,0,142,0
93,2,0,0,142,0
94,2,0,0,142,0
95,2,0,0,142,0
96,2,0,0,142,0
97,2,0,0,142,0
98,2,0,0,142,0
99,2,0,0,142,0
100,2,0,0,142,0
101,2,0,0,142,0
102,2,0,0,142,0
103,2,0,0,142,0
104,2,0,0,142,0
105,2,0,0,142,0
106,4,0,1,142,0
107,4,0,1,141,-1
108,4,0,1,137,-12
109,4,0,1,130,-21
110,4,0,1,122,-28
111,4,0,1,112,-34
112,4,0,1,102,-38
113,4,0,1,90,-41
114,4,0,1,78,-44
115,4,0,1,65,-46
116,4,0,1,52,-47
117,4,0,1,39,-48
118,4,0,1,26,-49
119,4,0,1,12,-49
120,4,0,1,1,-5
121,4,0,1,0,0
122,4,0,1,0,0
123,4,0,1,0,0
124,4,0,1,0,0
125,4,0,1,0,0
