time_s,x_m,y_m,z_m,roll_rad,pitch_rad,yaw_rad,approx_speed_m_s
0.0025,0.0,0.0,0.119969,0.0,0.0,0.0,0.03677
0.0525,0.0,0.0,0.106509,0.0,0.0,0.0,0.51346
0.1025,0.0,0.0,0.098104,0.0,0.0,0.0,0.00563
0.1525,0.0,0.0,0.098276,0.0,0.0,0.0,0.00192
0.2025,0.0,0.0,0.098335,0.0,0.0,0.0,0.00065
0.2525,0.0,0.0,0.098355,0.0,0.0,0.0,0.00022
0.3025,0.0,0.0,0.098362,0.0,0.0,0.0,8e-05
0.3525,0.0,0.0,0.098364,0.0,0.0,0.0,3e-05
0.4025,0.0,0.0,0.098365,0.0,0.0,0.0,1e-05
0.4525,0.0,0.0,0.098365,0.0,0.0,0.0,0.0
0.5025,0.0,0.0,0.098366,0.0,0.0,0.0,0.0
0.5525,0.0,0.0,0.098366,0.0,0.0,0.0,0.0
0.6025,0.0,0.0,0.098366,0.0,0.0,0.0,0.0
0.6525,0.0,0.0,0.098366,0.0,0.0,0.0,0.0
0.7025,0.0,0.0,0.098366,0.0,0.0,0.0,0.0
0.7525,0.0,0.0,0.098366,0.0,0.0,0.0,0.0
0.8025,0.0,0.0,0.098366,0.0,0.0,0.0,0.0
0.8525,0.0,0.0,0.098366,0.0,0.0,0.0,0.0
0.9025,0.0,0.0,0.098366,0.0,0.0,0.0,0.0
0.9525,0.0,0.0,0.098366,0.0,0.0,0.0,0.0
1.0025,0.0,0.0,0.098366,0.0,0.0,0.0,0.0
1.0525,0.0,0.0,0.098366,0.0,0.0,0.0,0.0
1.1025,0.0,0.0,0.098366,0.0,0.0,0.0,0.0
1.1525,0.0,0.0,0.098366,0.0,0.0,0.0,0.0
1.2025,0.0,0.0,0.098366,0.0,0.0,0.0,0.0
1.2525,0.0,0.0,0.098366,0.0,0.0,0.0,0.0
1.3025,0.0,0.0,0.098366,0.0,0.0,0.0,0.0
1.3525,0.0,0.0,0.098366,0.0,0.0,0.0,0.0
1.4025,0.0,0.0,0.098366,0.0,0.0,0.0,0.0
1.4525,0.0,0.0,0.098366,0.0,0.0,0.0,0.0
1.5025,0.0,0.0,0.098366,0.0,0.0,0.0,0.0
1.5525,0.0,0.0,0.098366,0.0,0.0,0.0,0.0
1.6025,0.0,0.0,0.098366,0.0,0.0,0.0,0.0
1.6525,0.0,0.0,0.098366,0.0,0.0,0.0,0.0
1.7025,0.0,0.0,0.098366,0.0,0.0,0.0,0.0
1.7525,0.0,0.0,0.098366,0.0,0.0,0.0,0.0
1.8025,0.0,0.0,0.098366,0.0,0.0,0.0,0.0
1.8525,0.0,0.0,0.098366,0.0,0.0,0.0,0.0
1.9025,0.0,0.0,0.098366,0.0,0.0,0.0,0.0
1.9525,0.0,0.0,0.098366,0.0,0.0,0.0,0.0
2.0025,0.0,0.0,0.098366,0.0,0.0,0.0,0.0
2.0525,0.0,0.0,0.098366,0.0,0.0,0.0,0.0
2.1025,0.0,0.0,0.098366,0.0,0.0,0.0,0.0
2.1525,0.0,0.0,0.098366,0.0,0.0,0.0,0.0
2.2025,0.0,0.0,0.098366,0.0,0.0,0.0,0.0
2.2525,0.0,0.0,0.098366,0.0,0.0,0.0,0.0
2.3025,0.0,0.0,0.098366,0.0,0.0,0.0,0.0
2.3525,0.0,0.0,0.098366,0.0,0.0,0.0,0.0
2.4025,0.0,0.0,0.098366,0.0,0.0,0.0,0.0
2.4525,0.0,0.0,0.098366,0.0,0.0,0.0,0.0
2.5025,0.0,0.0,0.098366,0.0,0.0,0.0,0.0
2.5525,0.0,0.0,0.098366,0.0,0.0,0.0,0.0
2.6025,0.0,0.0,0.098366,0.0,0.0,0.0,0.0
2.6525,0.0,0.0,0.098366,0.0,0.0,0.0,0.0
2.7025,0.0,0.0,0.098366,0.0,0.0,0.0,0.0
2.7525,0.0,0.0,0.098366,0.0,0.0,0.0,0.0
2.8025,0.0,0.0,0.098366,0.0,0.0,0.0,0.0
2.8525,0.0,0.0,0.098366,0.0,0.0,0.0,0.0
2.9025,0.0,0.0,0.098366,0.0,0.0,0.0,0.0
2.9525,0.0,0.0,0.098366,0.0,0.0,0.0,0.0
3.0025,0.0,0.0,0.098366,0.0,0.0,0.0,0.0
3.0525,0.0,0.0,0.098366,0.0,0.0,0.0,0.0
3.1025,0.0,0.0,0.098366,0.0,0.0,0.0,0.0
3.1525,0.0,0.0,0.098366,0.0,0.0,0.0,0.0
3.2025,0.0,0.0,0.098366,0.0,0.0,0.0,0.0
3.2525,0.0,0.0,0.098366,0.0,0.0,0.0,0.0
3.3025,0.0,0.0,0.098366,0.0,0.0,0.0,0.0
3.3525,0.0,0.0,0.098366,0.0,0.0,0.0,0.0
3.4025,0.0,0.0,0.098366,0.0,0.0,0.0,0.0
3.4525,0.0,0.0,0.098366,0.0,0.0,0.0,0.0
3.5025,0.0,0.0,0.098366,0.0,0.0,0.0,0.0
3.5525,0.0,0.0,0.098366,0.0,0.0,0.0,0.0
3.6025,0.0,0.0,0.098366,0.0,0.0,0.0,0.0
3.6525,0.0,0.0,0.098366,0.0,0.0,0.0,0.0
3.7025,0.0,0.0,0.098366,0.0,0.0,0.0,0.0
3.7525,0.0,0.0,0.098366,0.0,0.0,0.0,0.0
3.8025,0.0,0.0,0.098366,0.0,0.0,0.0,0.0
3.8525,0.0,0.0,0.098366,0.0,0.0,0.0,0.0
3.9025,0.0,0.0,0.098366,0.0,0.0,0.0,0.0
3.9525,0.0,0.0,0.098366,0.0,0.0,0.0,0.0
4.0025,0.0,0.0,0.098366,0.0,0.0,0.0,0.0
4.0525,0.0,0.0,0.098366,0.0,0.0,0.0,0.0
4.1025,0.0,0.0,0.098366,0.0,0.0,0.0,0.0
4.1525,0.0,0.0,0.098366,0.0,0.0,0.0,0.0
4.2025,0.0,0.0,0.098366,0.0,0.0,0.0,0.0
4.2525,0.0,0.0,0.098366,0.0,0.0,0.0,0.0
4.3025,0.0,0.0,0.098366,0.0,0.0,0.0,0.0
4.3525,0.0,0.0,0.098366,0.0,0.0,0.0,0.0
4.4025,0.0,0.0,0.098366,0.0,0.0,0.0,0.0
4.4525,0.0,0.0,0.098366,0.0,0.0,0.0,0.0
4.5025,0.0,0.0,0.098366,0.0,0.0,0.0,0.0
4.5525,0.0,0.0,0.098366,0.0,0.0,0.0,0.0
4.6025,0.0,0.0,0.098366,0.0,0.0,0.0,0.0
4.6525,0.0,0.0,0.098366,0.0,0.0,0.0,0.0
4.7025,0.0,0.0,0.098366,0.0,0.0,0.0,0.0
4.7525,0.0,0.0,0.098366,0.0,0.0,0.0,0.0
4.8025,0.0,0.0,0.098366,0.0,0.0,0.0,0.0
4.8525,0.0,0.0,0.098366,0.0,0.0,0.0,0.0
4.9025,0.0,0.0,0.098366,0.0,0.0,0.0,0.0
4.9525,0.0,0.0,0.098366,0.0,0.0,0.0,0.0
5.0025,0.0,0.0,0.098366,0.0,0.0,0.0,0.0
5.0525,0.0,0.0,0.098366,0.0,0.0,0.0,0.0
5.1025,0.0,0.0,0.098366,0.0,0.0,0.0,0.0
5.1525,0.0,0.0,0.098366,0.0,0.0,0.0,0.0
5.2025,0.0,0.0,0.098366,0.0,0.0,0.0,0.0
5.2525,0.0,0.0,0.098366,0.0,0.0,0.0,0.0
5.3025,0.0,0.0,0.098366,0.0,0.0,0.0,0.0
5.3525,0.0,0.0,0.098366,0.0,0.0,0.0,0.0
5.4025,0.0,0.0,0.098366,0.0,0.0,0.0,0.0
5.4525,0.0,0.0,0.098366,0.0,0.0,0.0,0.0
5.5025,0.0,0.0,0.098366,0.0,0.0,0.0,0.0
5.5525,0.0,0.0,0.098366,0.0,0.0,0.0,0.0
5.6025,0.0,0.0,0.098366,0.0,0.0,0.0,0.0
5.6525,0.0,0.0,0.098366,0.0,0.0,0.0,0.0
5.7025,0.0,0.0,0.098366,0.0,0.0,0.0,0.0
5.7525,0.0,0.0,0.098366,0.0,0.0,0.0,0.0
5.8025,0.0,0.0,0.098366,0.0,0.0,0.0,0.0
5.8525,0.0,0.0,0.098366,0.0,0.0,0.0,0.0
5.9025,0.0,0.0,0.098366,0.0,0.0,0.0,0.0
5.9525,0.0,0.0,0.098366,0.0,0.0,0.0,0.0
6.0025,0.0,0.0,0.098366,0.0,0.0,0.0,0.0
6.0525,0.0,0.0,0.098366,0.0,0.0,0.0,0.0
6.1025,0.0,0.0,0.098366,0.0,0.0,0.0,0.0
6.1525,0.0,0.0,0.098366,0.0,0.0,0.0,0.0
6.2025,0.0,0.0,0.098366,0.0,0.0,0.0,0.0
6.2525,0.0,0.0,0.098366,0.0,0.0,0.0,0.0
6.3025,0.0,0.0,0.098366,0.0,0.0,0.0,0.0
6.3525,0.0,0.0,0.098366,0.0,0.0,0.0,0.0
6.4025,0.0,0.0,0.098366,0.0,0.0,0.0,0.0
6.4525,0.0,0.0,0.098366,0.0,0.0,0.0,0.0
6.5025,0.0,0.0,0.098366,0.0,0.0,0.0,0.0
6.5525,0.0,0.0,0.098366,0.0,0.0,0.0,0.0
6.6025,0.0,0.0,0.098366,0.0,0.0,0.0,0.0
6.6525,0.0,0.0,0.098366,0.0,0.0,0.0,0.0
6.7025,0.0,0.0,0.098366,0.0,0.0,0.0,0.0
6.7525,0.0,0.0,0.098366,0.0,0.0,0.0,0.0
6.8025,0.0,0.0,0.098366,0.0,0.0,0.0,0.0
6.8525,0.0,0.0,0.098366,0.0,0.0,0.0,0.0
6.9025,0.0,0.0,0.098366,0.0,0.0,0.0,0.0
6.9525,0.0,0.0,0.098366,0.0,0.0,0.0,0.0
7.0025,0.0,0.0,0.098366,0.0,0.0,0.0,0.0
7.0525,0.0,0.0,0.098366,0.0,0.0,0.0,0.0
7.1025,0.0,0.0,0.098508,0.0,0.0,0.0,0.01989
7.1525,0.0,0.0,0.100021,0.0,0.0,0.0,0.04087
7.2025,0.0,0.0,0.102539,0.0,0.0,0.0,0.05917
7.2525,0.0,0.0,0.10591,0.0,0.0,0.0,0.07555
7.3025,0.0,0.0,0.110091,0.0,0.0,0.0,0.09168
7.3525,0.0,0.0,0.115076,0.0,0.0,0.0,0.10773
7.4025,0.0,0.0,0.120862,0.0,0.0,0.0,0.12369
7.4525,0.0,0.0,0.127444,0.0,0.0,0.0,0.13958
7.5025,0.0,0.0,0.134819,0.0,0.0,0.0,0.15539
7.5525,0.0,0.0,0.142982,0.0,0.0,0.0,0.17112
7.6025,0.0,0.0,0.15193,0.0,0.0,0.0,0.18677
7.6525,0.0,0.0,0.161658,0.0,0.0,0.0,0.20234
7.7025,0.0,0.0,0.172162,0.0,0.0,0.0,0.21782
7.7525,0.0,0.0,0.183439,0.0,0.0,0.0,0.23323
7.8025,0.0,0.0,0.195484,0.0,0.0,0.0,0.24855
7.8525,0.0,0.0,0.208292,0.0,0.0,0.0,0.26379
7.9025,0.0,0.0,0.221861,0.0,0.0,0.0,0.27895
7.9525,0.0,0.0,0.236185,0.0,0.0,0.0,0.29402
8.0025,0.0,0.0,0.251261,0.0,0.0,0.0,0.30901
8.0525,0.0,0.0,0.267085,0.0,0.0,0.0,0.32391
8.1025,0.0,0.0,0.283402,0.0,0.0,0.0,0.317
8.1525,0.0,1e-06,0.302089,-0.00074,4.5e-05,1e-06,0.44578
8.2025,2e-06,3e-05,0.327756,-0.002668,0.000127,3e-06,0.57366
8.2525,7e-06,0.000135,0.358822,-0.003699,0.000133,8e-06,0.66486
8.3025,1.5e-05,0.000341,0.39395,-0.003126,1.8e-05,1.3e-05,0.73836
8.3525,2.4e-05,0.000632,0.432511,-0.001366,-0.000156,1.7e-05,0.80275
8.4025,2.9e-05,0.000959,0.474075,0.000361,-0.000261,2e-05,0.85833
8.4525,2.7e-05,0.001277,0.518189,0.001284,-0.000364,2.2e-05,0.90487
8.5025,1.5e-05,0.001562,0.564427,0.001445,-0.000547,2.2e-05,0.94314
8.5525,-1.2e-05,0.001808,0.612357,0.001201,-0.00075,2.3e-05,0.97274
8.6025,-5.7e-05,0.002022,0.661574,0.000964,-0.000867,2e-05,0.9947
8.6525,-0.000125,0.00221,0.711706,0.000762,-0.000929,1.7e-05,1.00938
8.7025,-0.000216,0.002377,0.762394,0.000868,-0.000884,1.6e-05,1.01702
8.7525,-0.000327,0.002522,0.813296,0.001218,-0.000707,1.8e-05,1.018
8.8025,-0.000456,0.002637,0.864094,0.001008,-0.000506,2.1e-05,1.01297
8.8525,-0.000597,0.002728,0.914495,0.000457,-0.00033,2.6e-05,1.00215
8.9025,-0.000745,0.002806,0.964222,0.00036,-0.000174,3.1e-05,0.98607
8.9525,-0.000896,0.002875,1.013011,0.000609,-3.2e-05,3.7e-05,0.96458
9.0025,-0.001048,0.00293,1.060597,0.000764,7.1e-05,4.3e-05,0.93804
9.0525,-0.001198,0.002967,1.106734,0.000782,0.000135,4.9e-05,0.90665
9.1025,-0.001344,0.002987,1.151184,0.000273,0.000234,5.5e-05,0.87065
9.1525,-0.001484,0.003001,1.193726,-0.000514,0.000277,6e-05,0.83023
9.2025,-0.001617,0.003026,1.234123,-0.001015,0.000251,6.6e-05,0.78484
9.2525,-0.001745,0.003072,1.272185,-0.001282,0.000629,7.6e-05,0.73825
9.3025,-0.001849,0.003154,1.308,-0.004903,0.004858,9.3e-05,0.69492
9.3525,-0.001838,0.003354,1.34173,-0.012115,0.012238,7.2e-05,0.65475
9.4025,-0.001551,0.003825,1.373499,-0.018623,0.01867,3.3e-05,0.61651
9.4525,-0.000848,0.004712,1.403394,-0.022206,0.022208,2.9e-05,0.5807
9.5025,0.000363,0.006104,1.431517,-0.026409,0.026837,0.0,0.54707
9.5525,0.002186,0.008098,1.45795,-0.031602,0.032853,-9.4e-05,0.51635
9.6025,0.004755,0.010808,1.482782,-0.034985,0.037128,-0.000153,0.48878
9.6525,0.008164,0.014309,1.5061,-0.035431,0.038132,-0.000107,0.46504
9.7025,0.012445,0.01862,1.527988,-0.036859,0.039787,-7.7e-05,0.44419
9.7525,0.017636,0.023772,1.548487,-0.03929,0.042375,-9.5e-05,0.42741
9.8025,0.02379,0.029817,1.56767,-0.039676,0.042883,-4.1e-05,0.41489
9.8525,0.030916,0.036759,1.585614,-0.037161,0.040286,0.000125,0.40659
9.9025,0.038963,0.044549,1.602383,-0.035634,0.039058,0.000235,0.40062
9.9525,0.047898,0.053148,1.618002,-0.035269,0.038835,0.000294,0.39796
10.0025,0.057709,0.062542,1.632529,-0.033216,0.036289,0.000422,0.39814
10.0525,0.068333,0.072679,1.646023,-0.028678,0.031015,0.000613,0.39994
10.1025,0.079656,0.083461,1.658556,-0.025428,0.027405,0.000737,0.40165
10.1525,0.091591,0.094809,1.670138,-0.024044,0.025843,0.000794,0.40404
10.2025,0.104093,0.106683,1.680817,-0.021684,0.023081,0.000871,0.40737
10.2525,0.117093,0.119025,1.690649,-0.01736,0.018197,0.00097,0.41035
10.3025,0.130486,0.13174,1.699695,-0.014462,0.015296,0.001018,0.41209
10.3525,0.1442,0.144758,1.707982,-0.01326,0.01432,0.00101,0.41386
10.4025,0.158206,0.158044,1.715558,-0.010996,0.012046,0.000985,0.41559
10.4525,0.172445,0.17154,1.722455,-0.006677,0.007561,0.000936,0.41602
10.5025,0.186822,0.185152,1.728732,-0.003643,0.00496,0.000833,0.41452
10.5525,0.201273,0.198808,1.734399,-0.002571,0.004553,0.000681,0.41251
10.6025,0.215782,0.212476,1.739495,-0.000943,0.003141,0.0005,0.41036
10.6525,0.230312,0.226115,1.744031,0.002314,-0.000222,0.000283,0.40691
10.7025,0.244793,0.239655,1.748033,0.004197,-0.001816,5e-05,0.40193
10.7525,0.259185,0.25305,1.751519,0.004516,-0.001471,-0.000184,0.39688
10.8025,0.273492,0.266288,1.754531,0.005642,-0.001957,-0.000417,0.39201
10.8525,0.287699,0.27934,1.757087,0.008227,-0.004262,-0.000652,0.38623
10.9025,0.301761,0.292154,1.759219,0.009331,-0.004721,-0.00085,0.37944
10.9525,0.315664,0.3047,1.760936,0.009276,-0.003778,-0.001016,0.37293
11.0025,0.329427,0.316979,1.762269,0.009879,-0.004204,-0.001169,0.36674
11.0525,0.343037,0.328974,1.763239,0.011723,-0.006691,-0.001318,0.35974
11.1025,0.356445,0.340647,1.763877,0.012462,-0.007458,-0.001419,0.35175
11.1525,0.369632,0.351983,1.764187,0.011825,-0.006306,-0.001472,0.34408
11.2025,0.382619,0.362993,1.764202,0.011878,-0.006085,-0.001508,0.33703
11.2525,0.395413,0.373675,1.763936,0.013393,-0.007374,-0.001536,0.32956
11.3025,0.407989,0.383999,1.763408,0.013718,-0.006865,-0.001515,0.32169
11.3525,0.42036,0.393959,1.762613,0.013015,-0.005095,-0.001459,0.31457
11.4025,0.432563,0.403569,1.761565,0.012877,-0.004877,-0.001402,0.30821
11.4525,0.444602,0.41283,1.760283,0.014267,-0.006797,-0.001356,0.30133
11.5025,0.456441,0.421717,1.758796,0.014885,-0.0069,-0.001262,0.29377
11.5525,0.468076,0.430215,1.757102,0.014553,-0.005287,-0.001131,0.28668
11.6025,0.479543,0.438331,1.755223,0.01435,-0.004893,-0.001012,0.28032
11.6525,0.490848,0.446069,1.753157,0.014704,-0.006296,-0.00092,0.27379
11.7025,0.501968,0.453426,1.750912,0.014653,-0.005749,-0.000803,0.26715
11.7525,0.512916,0.460404,1.74848,0.014181,-0.003723,-0.000675,0.26137
11.8025,0.523734,0.467013,1.745868,0.014255,-0.003206,-0.000582,0.25646
11.8525,0.534434,0.473252,1.743083,0.014904,-0.00476,-0.000543,0.25122
11.9025,0.544987,0.47911,1.740151,0.014987,-0.004562,-0.000513,0.2457
11.9525,0.555399,0.484586,1.737073,0.014342,-0.002876,-0.000504,0.24088
12.0025,0.565705,0.489694,1.733859,0.013584,-0.002374,-0.00056,0.23695
12.0525,0.575914,0.494455,1.73052,0.013385,-0.003738,-0.00069,0.23291
12.1025,0.586004,0.498873,1.727079,0.013273,-0.003542,-0.000843,0.22877
12.1525,0.595977,0.502954,1.723523,0.012792,-0.001979,-0.001023,0.2253
12.2025,0.605867,0.506711,1.71987,0.012192,-0.001706,-0.001259,0.22247
12.2525,0.61568,0.510157,1.716138,0.012102,-0.003131,-0.001539,0.21941
12.3025,0.625387,0.513296,1.712337,0.012384,-0.003083,-0.001812,0.21614
12.3525,0.634991,0.516123,1.708467,0.012754,-0.001721,-0.002066,0.2133
12.4025,0.644519,0.518629,1.704537,0.012964,-0.001593,-0.002324,0.21102
12.4525,0.653973,0.520812,1.700555,0.013034,-0.002877,-0.002581,0.20841
12.5025,0.663329,0.522668,1.696538,0.013225,-0.002907,-0.002793,0.20563
12.5525,0.672586,0.524196,1.692488,0.01355,-0.001993,-0.002965,0.2032
12.6025,0.681761,0.525388,1.688421,0.013608,-0.00185,-0.003115,0.20115
12.6525,0.690858,0.526244,1.684354,0.013321,-0.00286,-0.003246,0.19886
12.7025,0.699858,0.526771,1.680296,0.013438,-0.002749,-0.003319,0.19669
12.7525,0.708762,0.526967,1.676233,0.013728,-0.002106,-0.003331,0.19495
12.8025,0.717583,0.526828,1.672175,0.013508,-0.002415,-0.003293,0.19351
12.8525,0.726314,0.52636,1.668129,0.012936,-0.003367,-0.003205,0.19184
12.9025,0.734936,0.525574,1.664094,0.01356,-0.00314,-0.003043,0.19035
12.9525,0.743455,0.524458,1.660061,0.014745,-0.002593,-0.002833,0.18939
13.0025,0.751879,0.522987,1.656027,0.015104,-0.003233,-0.002615,0.18883
13.0525,0.760193,0.521153,1.652009,0.014833,-0.004964,-0.002399,0.18768
13.1025,0.768362,0.51896,1.648019,0.015404,-0.005309,-0.002157,0.18651
13.1525,0.776376,0.516396,1.644043,0.016288,-0.00473,-0.0019,0.1859
13.2025,0.784247,0.513445,1.640081,0.016,-0.004871,-0.001663,0.18592
13.2525,0.791971,0.510114,1.63613,0.014846,-0.005851,-0.001459,0.18578
13.3025,0.799529,0.506427,1.632189,0.014985,-0.005762,-0.001265,0.18578
13.3525,0.806923,0.502385,1.628256,0.015587,-0.0052,-0.00109,0.18633
13.4025,0.814164,0.497977,1.624332,0.015146,-0.005277,-0.000966,0.18739
13.4525,0.821251,0.493215,1.620426,0.013593,-0.005938,-0.000902,0.1881
13.5025,0.828172,0.488133,1.61655,0.013407,-0.005509,-0.000884,0.18883
13.5525,0.834938,0.482736,1.612704,0.014179,-0.004531,-0.000917,0.19012
13.6025,0.841569,0.477012,1.608899,0.013821,-0.00447,-0.001023,0.19196
13.6525,0.848066,0.47097,1.605142,0.012504,-0.005187,-0.001195,0.19337
13.7025,0.854418,0.464637,1.601446,0.012974,-0.004737,-0.001406,0.19478
13.7525,0.860635,0.458006,1.597816,0.013912,-0.003611,-0.001645,0.19692
13.8025,0.866741,0.451058,1.594251,0.013341,-0.003331,-0.001915,0.19963
13.8525,0.872743,0.443809,1.59076,0.011442,-0.00409,-0.002204,0.20173
13.9025,0.878627,0.436298,1.587353,0.011285,-0.003993,-0.002486,0.20355
13.9525,0.884394,0.428533,1.584016,0.01214,-0.003171,-0.002746,0.20588
14.0025,0.890064,0.420498,1.580747,0.011814,-0.003053,-0.002995,0.20866
14.0525,0.895637,0.412203,1.577552,0.010432,-0.003815,-0.003227,0.21094
14.1025,0.901099,0.403674,1.574432,0.010961,-0.003922,-0.003413,0.21304
14.1525,0.906449,0.394902,1.571386,0.012257,-0.003379,-0.003537,0.21574
14.2025,0.911695,0.385863,1.568412,0.011662,-0.003859,-0.003616,0.21887
14.2525,0.916826,0.376572,1.565513,0.009353,-0.005083,-0.003638,0.22104
14.3025,0.921818,0.367077,1.562692,0.009232,-0.005302,-0.003585,0.22267
14.3525,0.926665,0.357384,1.559932,0.010627,-0.004978,-0.00346,0.22479
14.4025,0.931371,0.347466,1.557232,0.010336,-0.005101,-0.003276,0.22745
14.4525,0.935936,0.337332,1.554585,0.008181,-0.005729,-0.003036,0.22938
14.5025,0.940346,0.327026,1.551997,0.008,-0.005917,-0.002738,0.2308
14.5525,0.944596,0.316555,1.54946,0.009347,-0.005751,-0.002402,0.23261
14.6025,0.948692,0.305894,1.54699,0.008898,-0.005603,-0.00205,0.2348
14.6525,0.952635,0.295055,1.544599,0.006292,-0.005752,-0.001698,0.23617
14.7025,0.956425,0.284092,1.542298,0.005751,-0.005744,-0.001357,0.23685
14.7525,0.960062,0.27302,1.540062,0.00705,-0.005539,-0.001035,0.23792
14.8025,0.963551,0.261814,1.537894,0.007083,-0.005371,-0.000746,0.23949
14.8525,0.966896,0.250477,1.535803,0.005126,-0.005419,-0.000507,0.24051
14.9025,0.970098,0.239047,1.533792,0.005144,-0.005506,-0.000329,0.24109
14.9525,0.973154,0.227524,1.531851,0.006721,-0.005662,-0.000221,0.24216
15.0025,0.976061,0.215877,1.529988,0.006758,-0.005854,-0.000185,0.24376
15.0525,0.978814,0.204109,1.528208,0.004807,-0.006121,-0.000224,0.24475
15.1025,0.981409,0.192256,1.526506,0.005104,-0.00612,-0.000338,0.24541
15.1525,0.983846,0.180313,1.524856,0.00685,-0.005887,-0.000523,0.24674
15.2025,0.986131,0.168246,1.523269,0.006573,-0.005734,-0.000775,0.24859
15.2525,0.988267,0.156064,1.52175,0.003936,-0.005768,-0.001088,0.24962
15.3025,0.990254,0.14382,1.520304,0.003461,-0.005845,-0.00144,0.24988
15.3525,0.992091,0.131529,1.518908,0.004649,-0.005895,-0.00181,0.25048
15.4025,0.993778,0.119167,1.517559,0.004525,-0.006028,-0.002184,0.25149
15.4525,0.99531,0.10674,1.516256,0.002435,-0.006318,-0.002546,0.25185
15.5025,0.996683,0.094291,1.515001,0.002477,-0.006714,-0.002886,0.25168
15.5525,0.997886,0.081818,1.513778,0.00429,-0.007047,-0.003183,0.25209
15.6025,0.998914,0.069285,1.512588,0.004521,-0.007155,-0.003419,0.25317
15.6525,0.999762,0.056689,1.511432,0.002995,-0.007097,-0.003584,0.25383
15.7025,1.000433,0.044057,1.5103,0.003287,-0.007219,-0.003675,0.25422
15.7525,1.000925,0.031385,1.509184,0.0045,-0.007473,-0.003688,0.25512
15.8025,1.001232,0.018649,1.508087,0.003764,-0.007495,-0.003622,0.25629
15.8525,1.001354,0.005868,1.507014,0.001548,-0.007307,-0.003476,0.2566
15.9025,1.001297,-0.006914,1.505967,0.001616,-0.007335,-0.003253,0.2564
15.9525,1.00106,-0.019694,1.504938,0.002789,-0.007433,-0.002962,0.25667
16.0025,1.000642,-0.032496,1.50393,0.002162,-0.00728,-0.002614,0.25724
16.0525,1.000047,-0.045303,1.502948,-0.000591,-0.006932,-0.002221,0.25686
16.1025,0.999284,-0.058058,1.501996,-0.001149,-0.007218,-0.001794,0.25564
16.1525,0.998344,-0.070747,1.501061,0.000163,-0.008003,-0.001357,0.25479
16.2025,0.997213,-0.083393,1.500145,-4.9e-05,-0.008475,-0.00093,0.25443
16.2525,0.995878,-0.095993,1.499246,-0.001846,-0.008595,-0.000526,0.2535
16.3025,0.994337,-0.10851,1.498358,-0.001621,-0.009048,-0.000153,0.25226
16.3525,0.99258,-0.120948,1.497472,-0.000408,-0.009062,0.000167,0.25158
16.4025,0.990608,-0.133331,1.496592,-0.001011,-0.008203,0.000415,0.25119
16.4525,0.988443,-0.145644,1.495722,-0.003306,-0.007154,0.000582,0.2499
16.5025,0.986108,-0.157841,1.494874,-0.003381,-0.006999,0.00067,0.248
16.5525,0.983607,-0.169919,1.494031,-0.001903,-0.007454,0.000675,0.24664
16.6025,0.980933,-0.181906,1.4932,-0.002012,-0.007121,0.000597,0.24578
16.6525,0.978095,-0.193801,1.492375,-0.003587,-0.006248,0.00044,0.24435
16.7025,0.975111,-0.205573,1.491561,-0.003454,-0.006524,0.00021,0.24255
16.7525,0.971976,-0.217225,1.490747,-0.002284,-0.007167,-8.8e-05,0.24129
16.8025,0.968677,-0.228778,1.489937,-0.002666,-0.006972,-0.000432,0.2404
16.8525,0.965221,-0.240224,1.489129,-0.004805,-0.005957,-0.000806,0.23875
16.9025,0.961628,-0.251518,1.488344,-0.005506,-0.005739,-0.001187,0.23632
16.9525,0.957903,-0.262643,1.487565,-0.004874,-0.006442,-0.001563,0.23406
17.0025,0.954035,-0.27361,1.486786,-0.005042,-0.006427,-0.001921,0.23215
17.0525,0.950024,-0.284414,1.486014,-0.00644,-0.005556,-0.00224,0.22973
17.1025,0.945888,-0.295028,1.485263,-0.006473,-0.005828,-0.00249,0.22693
17.1525,0.941622,-0.30545,1.484519,-0.005527,-0.006807,-0.002668,0.22465
17.2025,0.937205,-0.315699,1.483779,-0.005947,-0.006675,-0.002782,0.22275
17.2525,0.932641,-0.325767,1.483041,-0.007337,-0.005724,-0.002825,0.22025
17.3025,0.927949,-0.335625,1.482315,-0.007183,-0.006117,-0.002777,0.21747
17.3525,0.923122,-0.345276,1.481594,-0.006369,-0.006979,-0.002645,0.21525
17.4025,0.918143,-0.354737,1.48088,-0.006938,-0.006421,-0.002453,0.21329
17.4525,0.913025,-0.363993,1.480175,-0.008693,-0.00516,-0.002206,0.21056
17.5025,0.907794,-0.373009,1.479474,-0.009054,-0.005502,-0.001887,0.20735
17.5525,0.902444,-0.381776,1.478778,-0.008401,-0.006359,-0.001517,0.20454
17.6025,0.896958,-0.390307,1.478095,-0.008834,-0.006034,-0.001119,0.20206
17.6525,0.891345,-0.398591,1.477426,-0.010318,-0.004647,-0.000703,0.19895
17.7025,0.885633,-0.406597,1.47677,-0.010698,-0.004742,-0.000262,0.19537
17.7525,0.879821,-0.414318,1.476122,-0.010199,-0.00568,0.00017,0.19218
17.8025,0.87389,-0.421763,1.475493,-0.010225,-0.005467,0.000552,0.18941
17.8525,0.867847,-0.428932,1.47488,-0.010876,-0.004525,0.000882,0.18639
17.9025,0.861708,-0.435813,1.474274,-0.011025,-0.005168,0.001181,0.18332
17.9525,0.85546,-0.442402,1.473678,-0.010823,-0.006258,0.001429,0.1808
18.0025,0.849082,-0.448705,1.473095,-0.011071,-0.005836,0.001592,0.17864
18.0525,0.842584,-0.454715,1.472526,-0.011936,-0.004435,0.001662,0.17606
18.1025,0.835992,-0.460414,1.471974,-0.01251,-0.004854,0.001673,0.17324
18.1525,0.829301,-0.46579,1.471434,-0.012562,-0.005986,0.001607,0.17092
18.2025,0.822487,-0.470842,1.470906,-0.0125,-0.005496,0.001438,0.16906
18.2525,0.815562,-0.47557,1.470388,-0.012579,-0.003986,0.001183,0.16694
18.3025,0.808556,-0.479977,1.469896,-0.012478,-0.004413,0.000901,0.16479
18.3525,0.801462,-0.484063,1.469427,-0.0122,-0.005962,0.000596,0.16343
18.4025,0.794246,-0.487838,1.468991,-0.011994,-0.006221,0.000252,0.16287
18.4525,0.786903,-0.491306,1.468594,-0.011983,-0.005362,-0.000112,0.16234
18.5025,0.779449,-0.494469,1.468237,-0.012183,-0.005958,-0.00046,0.16198
18.5525,0.771871,-0.497323,1.467914,-0.012359,-0.00723,-0.000773,0.16236
18.6025,0.764143,-0.499865,1.467635,-0.01235,-0.007018,-0.001057,0.16332
18.6525,0.756271,-0.502097,1.467411,-0.012231,-0.005381,-0.001302,0.16402
18.7025,0.748287,-0.504019,1.467251,-0.01278,-0.005747,-0.001461,0.16461
18.7525,0.740186,-0.505621,1.46715,-0.013399,-0.007142,-0.00154,0.16592
18.8025,0.731938,-0.50689,1.467112,-0.013316,-0.007175,-0.001562,0.16795
18.8525,0.723545,-0.507829,1.467151,-0.012974,-0.005758,-0.001527,0.16983
18.9025,0.715032,-0.508444,1.467266,-0.013431,-0.006232,-0.001392,0.17169
18.9525,0.706392,-0.508727,1.467445,-0.01414,-0.007625,-0.001178,0.17436
19.0025,0.697597,-0.508663,1.467698,-0.013857,-0.007322,-0.000928,0.17767
19.0525,0.688654,-0.508261,1.468032,-0.012835,-0.005302,-0.000652,0.18055
19.1025,0.679604,-0.507543,1.468455,-0.012791,-0.0053,-0.00031,0.18302
19.1525,0.670449,-0.506511,1.468951,-0.013426,-0.006743,8.4e-05,0.18619
19.2025,0.661161,-0.505154,1.469528,-0.013573,-0.006843,0.000483,0.19005
19.2525,0.651739,-0.50347,1.470192,-0.013209,-0.005342,0.000874,0.19366
19.3025,0.64221,-0.501464,1.47094,-0.013715,-0.005677,0.001282,0.19705
19.3525,0.63257,-0.499128,1.471746,-0.014681,-0.007092,0.001681,0.20122
19.4025,0.622789,-0.496441,1.472605,-0.014839,-0.006957,0.002024,0.20601
19.4525,0.612872,-0.493402,1.473514,-0.014068,-0.005214,0.002299,0.21035
19.5025,0.602853,-0.490024,1.474473,-0.014628,-0.005522,0.002553,0.21436
19.5525,0.592728,-0.486298,1.475462,-0.015747,-0.006899,0.002766,0.2192
19.6025,0.582468,-0.482202,1.476474,-0.015378,-0.006536,0.002891,0.22451
19.6525,0.572085,-0.477747,1.477491,-0.013782,-0.004492,0.002919,0.2291
19.7025,0.56162,-0.472965,1.47852,-0.013772,-0.004266,0.002894,0.23298
19.7525,0.55108,-0.46786,1.479541,-0.014699,-0.005276,0.002816,0.23738
19.8025,0.540446,-0.462415,1.480556,-0.014136,-0.005005,0.002665,0.24217
19.8525,0.529729,-0.456647,1.481561,-0.01202,-0.002925,0.002444,0.24613
19.9025,0.518969,-0.4506,1.482569,-0.011647,-0.002621,0.002204,0.2492
19.9525,0.508175,-0.444284,1.483564,-0.01279,-0.003842,0.001959,0.25275
20.0025,0.497325,-0.437679,1.484549,-0.012824,-0.00387,0.00168,0.25692
20.0525,0.486418,-0.430786,1.485539,-0.011198,-0.002186,0.001373,0.26048
20.1025,0.475489,-0.423638,1.486536,-0.011034,-0.00263,0.001092,0.26344
20.1525,0.464526,-0.416242,1.487515,-0.011999,-0.00451,0.000859,0.26717
20.2025,0.453492,-0.40858,1.488484,-0.011409,-0.004906,0.000655,0.27158
20.2525,0.442378,-0.400667,1.489454,-0.009587,-0.003737,0.000485,0.27536
20.3025,0.431204,-0.392542,1.490418,-0.009793,-0.004332,0.000384,0.27867
20.3525,0.419958,-0.384202,1.491363,-0.011086,-0.00578,0.000353,0.28281
20.4025,0.408612,-0.375622,1.492301,-0.010628,-0.005265,0.000366,0.28737
20.4525,0.397177,-0.366814,1.493239,-0.008971,-0.003441,0.000428,0.29099
20.5025,0.38569,-0.357812,1.494176,-0.009225,-0.004116,0.000578,0.29406
20.5525,0.374137,-0.348612,1.495098,-0.010406,-0.005858,0.000803,0.29802
20.6025,0.362483,-0.339192,1.496017,-0.009852,-0.005317,0.001059,0.30244
20.6525,0.350742,-0.329567,1.49693,-0.007772,-0.002984,0.001343,0.30569
20.7025,0.33896,-0.319779,1.49784,-0.008057,-0.003158,0.001681,0.30812
20.7525,0.327135,-0.309823,1.498736,-0.009803,-0.004779,0.002062,0.31141
20.8025,0.315237,-0.299666,1.499626,-0.009749,-0.004476,0.002438,0.31536
20.8525,0.303272,-0.28931,1.500515,-0.007853,-0.002499,0.002789,0.31839
20.9025,0.291278,-0.278791,1.501401,-0.008049,-0.002873,0.003133,0.32071
20.9525,0.279251,-0.268109,1.502269,-0.009591,-0.004508,0.003461,0.32388
21.0025,0.267156,-0.257233,1.503133,-0.009092,-0.004277,0.003732,0.32761
21.0525,0.254999,-0.246176,1.503989,-0.007079,-0.002896,0.003943,0.33041
21.1025,0.242805,-0.234977,1.504837,-0.007612,-0.003875,0.004119,0.33279
21.1525,0.230554,-0.223629,1.505665,-0.009129,-0.005483,0.004244,0.33619
21.2025,0.218214,-0.212101,1.506481,-0.008376,-0.004572,0.004277,0.33997
21.2525,0.205805,-0.200412,1.507297,-0.006275,-0.002521,0.004223,0.34246
21.3025,0.193368,-0.188603,1.508108,-0.006815,-0.00332,0.004111,0.34438
21.3525,0.180889,-0.176667,1.508899,-0.008197,-0.004926,0.003944,0.34729
21.4025,0.168334,-0.164576,1.509681,-0.007143,-0.004206,0.003722,0.35049
21.4525,0.155721,-0.152355,1.510462,-0.005078,-0.002477,0.003461,0.35248
21.5025,0.143083,-0.140046,1.511229,-0.00565,-0.00308,0.003192,0.35393
21.5525,0.130409,-0.12764,1.511976,-0.007106,-0.004329,0.002923,0.35627
21.6025,0.117677,-0.115107,1.51271,-0.006143,-0.003246,0.002644,0.35884
21.6525,0.104909,-0.102471,1.513444,-0.003847,-0.001151,0.002366,0.36001
21.7025,0.09215,-0.089778,1.514164,-0.004299,-0.00192,0.002126,0.36056
21.7525,0.079383,-0.077021,1.514861,-0.00557,-0.00355,0.001934,0.36205
21.8025,0.066578,-0.064178,1.51554,-0.004279,-0.002614,0.001779,0.36378
21.8525,0.053755,-0.051279,1.516204,-0.00136,2e-05,0.00167,0.36389
21.9025,0.04097,-0.038385,1.516852,-0.001382,-0.000101,0.001618,0.36294
21.9525,0.028221,-0.025497,1.517472,-0.002986,-0.001665,0.001634,0.3628
22.0025,0.015478,-0.012585,1.518077,-0.002511,-0.0012,0.001715,0.36319
22.0525,0.002752,0.000339,1.518671,-0.000562,0.000888,0.001856,0.36247
22.1025,-0.009916,0.013239,1.519251,-0.001148,0.000117,0.00206,0.36119
22.1525,-0.022542,0.026125,1.519799,-0.002815,-0.001744,0.002324,0.36098
22.2025,-0.035163,0.039031,1.520321,-0.002231,-0.00115,0.002632,0.36131
22.2525,-0.047768,0.051943,1.520832,-0.000513,0.000539,0.002975,0.36057
22.3025,-0.060323,0.06483,1.521319,-0.001056,-0.000235,0.00335,0.35943
22.3525,-0.072843,0.077699,1.52178,-0.002111,-0.001473,0.003737,0.35913
22.4025,-0.085353,0.09057,1.52222,-0.000612,-0.000345,0.004113,0.35888
22.4525,-0.097827,0.103408,1.522652,0.002205,0.00201,0.004466,0.35701
22.5025,-0.110216,0.116154,1.523075,0.002311,0.001536,0.00478,0.35423
22.5525,-0.122528,0.128803,1.523478,0.001263,-0.000298,0.005053,0.35222
22.6025,-0.134804,0.141374,1.523874,0.001948,-0.000319,0.005271,0.35072
22.6525,-0.147043,0.153852,1.524279,0.0036,0.000507,0.005414,0.34846
22.7025,-0.159234,0.166204,1.524681,0.003093,-0.000769,0.005477,0.34603
22.7525,-0.171404,0.178439,1.525065,0.001866,-0.00245,0.005466,0.34462
22.8025,-0.183589,0.190583,1.525443,0.002741,-0.001819,0.005385,0.34356
22.8525,-0.195773,0.202613,1.525831,0.005033,0.000373,0.005233,0.34126
22.9025,-0.207913,0.214485,1.526227,0.005196,6.3e-05,0.004998,0.33813
22.9525,-0.220013,0.226191,1.526615,0.004136,-0.001373,0.004702,0.33566
23.0025,-0.232102,0.237752,1.526998,0.004906,-0.000831,0.00437,0.33354
23.0525,-0.244168,0.249151,1.527377,0.006673,0.000811,0.004012,0.33039
23.1025,-0.256179,0.260354,1.52775,0.006258,8.3e-05,0.003626,0.32683
23.1525,-0.268149,0.271367,1.528107,0.004855,-0.001236,0.003248,0.32413
23.2025,-0.280105,0.28222,1.52846,0.005252,-0.000465,0.002902,0.32184
23.2525,-0.29203,0.292904,1.52882,0.006728,0.001154,0.002603,0.3186
23.3025,-0.303893,0.303393,1.529181,0.006299,0.000128,0.002347,0.31506
23.3525,-0.315716,0.313694,1.529528,0.005122,-0.001587,0.00216,0.31249
23.4025,-0.327533,0.32383,1.529869,0.005774,-0.001244,0.002058,0.31037
23.4525,-0.33934,0.333789,1.530206,0.007217,-4.3e-05,0.002033,0.30746
23.5025,-0.351113,0.343542,1.530531,0.006897,-0.000953,0.002072,0.30429
23.5525,-0.362872,0.353094,1.530844,0.005774,-0.002387,0.002193,0.30201
23.6025,-0.374646,0.36247,1.531156,0.006167,-0.001596,0.002408,0.3001
23.6525,-0.386417,0.371661,1.531469,0.007649,0.000374,0.002703,0.29719
23.7025,-0.398145,0.380637,1.531774,0.007881,-0.000132,0.003035,0.29373
23.7525,-0.40984,0.389391,1.532063,0.007518,-0.001388,0.003411,0.29083
23.8025,-0.421525,0.397929,1.532343,0.008248,-0.000439,0.00384,0.28807
23.8525,-0.433179,0.406235,1.532628,0.009593,0.001408,0.004289,0.28432
23.9025,-0.444766,0.414282,1.532906,0.009689,0.00104,0.004711,0.28008
23.9525,-0.456289,0.422066,1.533165,0.009114,0.000162,0.005106,0.27636
24.0025,-0.467765,0.429599,1.533415,0.009757,0.001008,0.005483,0.27278
24.0525,-0.479177,0.436866,1.533663,0.010982,0.002487,0.005806,0.26834
24.1025,-0.490494,0.443844,1.533902,0.010941,0.001934,0.006036,0.26362
24.1525,-0.501727,0.450532,1.534129,0.010489,0.000882,0.006184,0.2595
24.2025,-0.512896,0.45694,1.534345,0.010834,0.001804,0.006269,0.25557
24.2525,-0.523981,0.46306,1.534562,0.011698,0.00341,0.00628,0.25086
24.3025,-0.53495,0.468876,1.53477,0.011958,0.002779,0.006183,0.24589
24.3525,-0.545815,0.474381,1.534958,0.01185,0.001603,0.006003,0.2415
24.4025,-0.5566,0.479578,1.535135,0.01194,0.002534,0.005776,0.23737
24.4525,-0.567285,0.484466,1.535316,0.012117,0.004158,0.005492,0.23256
24.5025,-0.577837,0.489043,1.535485,0.011799,0.003331,0.005119,0.22768
24.5525,-0.588273,0.493317,1.535646,0.011522,0.001989,0.004696,0.22357
24.6025,-0.598625,0.497294,1.535787,0.011418,0.000674,0.004256,0.22018
24.6525,-0.608929,0.50098,1.535912,0.011122,-0.001931,0.003805,0.21784
24.7025,-0.619247,0.504381,1.536028,0.011117,-0.004455,0.003367,0.21696
24.7525,-0.629634,0.507497,1.536138,0.011521,-0.004689,0.002986,0.21691
24.8025,-0.640097,0.510321,1.536238,0.012088,-0.002696,0.002689,0.21645
24.8525,-0.650595,0.51284,1.536333,0.012398,-0.002121,0.002443,0.2154
24.9025,-0.661113,0.515048,1.536404,0.012288,-0.002663,0.002258,0.2146
24.9525,-0.67166,0.516948,1.536455,0.012115,-0.001958,0.002168,0.21405
25.0025,-0.682215,0.518545,1.536497,0.012516,0.000445,0.002183,0.21282
25.0525,-0.692729,0.519829,1.536528,0.01352,0.001662,0.002268,0.21078
25.1025,-0.703169,0.520779,1.536532,0.014231,0.002015,0.002428,0.20859
25.1525,-0.713524,0.521378,1.536516,0.014558,0.00352,0.002687,0.20622
25.2025,-0.723755,0.521621,1.536484,0.014502,0.006041,0.003034,0.20302
25.2525,-0.73381,0.521508,1.53644,0.014721,0.006709,0.003417,0.19921
25.3025,-0.743671,0.521035,1.536374,0.015145,0.005895,0.003826,0.19582
25.3525,-0.753352,0.520194,1.536294,0.015196,0.006059,0.004284,0.19298
25.4025,-0.762849,0.518987,1.5362,0.014533,0.00781,0.004777,0.18989
25.4525,-0.772126,0.517428,1.536099,0.014498,0.00823,0.005247,0.18648
25.5025,-0.781174,0.515518,1.535972,0.015169,0.007338,0.005673,0.18361
25.5525,-0.790011,0.513246,1.535829,0.01548,0.006812,0.006059,0.18155
25.6025,-0.798648,0.510604,1.535673,0.015071,0.007356,0.006394,0.1798
25.6525,-0.807078,0.507603,1.535505,0.015279,0.006874,0.006639,0.17833
25.7025,-0.815312,0.504237,1.535312,0.015952,0.005748,0.00679,0.17778
25.7525,-0.823375,0.500494,1.5351,0.015991,0.005844,0.006869,0.17797
25.8025,-0.831263,0.496376,1.534874,0.014997,0.007074,0.006874,0.17805
25.8525,-0.838953,0.491903,1.534633,0.014971,0.007406,0.006778,0.178
25.9025,-0.846437,0.487078,1.534362,0.015794,0.006915,0.006581,0.17852
25.9525,-0.853725,0.481886,1.534068,0.015491,0.006961,0.006314,0.17968
26.0025,-0.860814,0.476336,1.533755,0.013912,0.007889,0.005991,0.18062
26.0525,-0.867689,0.47046,1.533432,0.013913,0.007649,0.005598,0.18144
26.1025,-0.874356,0.464262,1.533081,0.015073,0.006393,0.005146,0.18316
26.1525,-0.880841,0.457719,1.532708,0.014788,0.005868,0.004691,0.18573
26.2025,-0.887158,0.450841,1.532318,0.01294,0.006567,0.004257,0.18806
26.2525,-0.893294,0.443665,1.531912,0.012611,0.006632,0.003839,0.19
26.3025,-0.89925,0.436201,1.531478,0.013439,0.005864,0.003445,0.19247
26.3525,-0.90504,0.428438,1.531022,0.012698,0.005923,0.003117,0.19537
26.4025,-0.910665,0.420393,1.53055,0.010595,0.006599,0.002869,0.1976
26.4525,-0.916111,0.41211,1.530059,0.010504,0.006354,0.002692,0.19945
26.5025,-0.921385,0.403596,1.529533,0.01151,0.005737,0.00259,0.20186
26.5525,-0.9265,0.394831,1.52898,0.010978,0.005767,0.002578,0.20466
26.6025,-0.931455,0.385831,1.528415,0.008715,0.006492,0.002657,0.20673
26.6525,-0.936236,0.376643,1.527842,0.008452,0.006559,0.002814,0.20822
26.7025,-0.940843,0.367276,1.527244,0.009521,0.006049,0.00304,0.21013
26.7525,-0.945285,0.357709,1.526636,0.009341,0.005782,0.003335,0.2125
26.8025,-0.949569,0.347951,1.526032,0.007307,0.006051,0.003695,0.21435
26.8525,-0.953693,0.338041,1.525441,0.006814,0.005724,0.004091,0.21562
26.9025,-0.957663,0.327995,1.524844,0.007778,0.005078,0.004502,0.21725
26.9525,-0.961494,0.317793,1.524246,0.007722,0.005156,0.004918,0.21929
27.0025,-0.965184,0.307441,1.523649,0.006319,0.005777,0.005323,0.22087
27.0525,-0.968721,0.296964,1.523052,0.00678,0.005919,0.005699,0.22215
27.1025,-0.972102,0.286353,1.522446,0.008507,0.005598,0.006014,0.22413
27.1525,-0.975334,0.275573,1.521841,0.00851,0.005557,0.006264,0.22669
27.2025,-0.978416,0.264627,1.521235,0.006474,0.006098,0.006439,0.22867
27.2525,-0.981339,0.253553,1.520635,0.006605,0.006276,0.006536,0.2301
27.3025,-0.984099,0.242351,1.520033,0.008489,0.005944,0.006547,0.23218
27.3525,-0.986704,0.230983,1.519435,0.008557,0.005492,0.006472,0.23496
27.4025,-0.989164,0.21945,1.518841,0.006168,0.005217,0.00631,0.23713
27.4525,-0.991487,0.2078,1.518274,0.005888,0.004847,0.006067,0.23861
27.5025,-0.993684,0.19604,1.517705,0.007583,0.004485,0.005753,0.24062
27.5525,-0.995761,0.184137,1.517141,0.007727,0.004653,0.005382,0.24324
27.6025,-0.997717,0.17209,1.516581,0.005652,0.005099,0.004964,0.24526
27.6525,-0.999541,0.15994,1.516032,0.005631,0.005209,0.004511,0.24668
27.7025,-1.001232,0.14769,1.515478,0.007233,0.004876,0.004044,0.24863
27.7525,-1.002797,0.135307,1.514928,0.007167,0.004822,0.003591,0.25112
27.8025,-1.004237,0.122794,1.514389,0.005351,0.005156,0.003166,0.25299
27.8525,-1.005546,0.110187,1.513855,0.005732,0.005544,0.002781,0.25448
27.9025,-1.006716,0.09748,1.513318,0.006961,0.005533,0.002446,0.25651
27.9525,-1.007746,0.08465,1.512794,0.006086,0.005264,0.002181,0.25874
28.0025,-1.008643,0.071718,1.512279,0.0033,0.005183,0.001999,0.25997
28.0525,-1.00941,0.058743,1.511762,0.002608,0.005721,0.001894,0.26028
28.1025,-1.010033,0.045744,1.511234,0.003811,0.006244,0.001863,0.26083
28.1525,-1.010503,0.032697,1.510711,0.003848,0.006252,0.001907,0.26182
28.2025,-1.010819,0.019605,1.510188,0.001704,0.005996,0.002027,0.26225
28.2525,-1.010986,0.006511,1.509675,0.000982,0.005896,0.002221,0.26189
28.3025,-1.011008,-0.006566,1.509159,0.001709,0.005928,0.002484,0.26167
28.3525,-1.010885,-0.019638,1.508649,0.00102,0.005972,0.002806,0.26159
28.4025,-1.010616,-0.032687,1.508147,-0.001499,0.006033,0.003165,0.26063
28.4525,-1.0102,-0.04566,1.507652,-0.00192,0.006482,0.003542,0.25891
28.5025,-1.009625,-0.058546,1.507155,-0.000777,0.007309,0.003921,0.25753
28.5525,-1.008874,-0.071366,1.506662,-0.001182,0.008176,0.004288,0.25653
28.6025,-1.007925,-0.084108,1.506159,-0.003726,0.008727,0.004632,0.25477
28.6525,-1.006767,-0.096722,1.505664,-0.004065,0.00927,0.004923,0.25229
28.7025,-1.005386,-0.109198,1.505158,-0.002358,0.01,0.00515,0.25038
28.7525,-1.003765,-0.12157,1.504654,-0.001948,0.010315,0.005305,0.24923
28.8025,-1.001899,-0.133848,1.504151,-0.003611,0.009728,0.005385,0.24778
28.8525,-0.999801,-0.145999,1.503657,-0.003623,0.009599,0.005382,0.24589
28.9025,-0.997474,-0.158024,1.50316,-0.001968,0.009872,0.005301,0.24461
28.9525,-0.994914,-0.169957,1.502665,-0.001768,0.009573,0.005142,0.24401
29.0025,-0.99213,-0.181801,1.502169,-0.003738,0.008526,0.004912,0.24288
29.0525,-0.989146,-0.193517,1.501684,-0.003987,0.008071,0.004611,0.24113
29.1025,-0.985973,-0.2051,1.501196,-0.002709,0.008062,0.004255,0.23978
29.1525,-0.982614,-0.216575,1.500711,-0.002764,0.007501,0.003857,0.23887
29.2025,-0.979085,-0.227939,1.500216,-0.004452,0.006333,0.003428,0.23738
29.2525,-0.97541,-0.23916,1.499718,-0.004622,0.006052,0.002975,0.23534
29.3025,-0.971598,-0.250234,1.499208,-0.003458,0.006406,0.002527,0.23368
29.3525,-0.967643,-0.261183,1.498702,-0.003673,0.006219,0.002104,0.23243
29.4025,-0.963551,-0.272002,1.498187,-0.005841,0.005204,0.001721,0.23049
29.4525,-0.959342,-0.282645,1.497685,-0.006721,0.005167,0.001375,0.2277
29.5025,-0.955019,-0.293092,1.497182,-0.00572,0.005908,0.001087,0.22514
29.5525,-0.950566,-0.303364,1.496688,-0.005411,0.005939,0.000884,0.22315
29.6025,-0.945985,-0.313466,1.496192,-0.006458,0.004941,0.000775,0.22087
29.6525,-0.941296,-0.323379,1.495703,-0.00654,0.005048,0.000744,0.21825
29.7025,-0.936496,-0.333101,1.495208,-0.00597,0.005847,0.000799,0.21599
29.7525,-0.93157,-0.342643,1.494718,-0.006379,0.005917,0.00095,0.214
29.8025,-0.926519,-0.351995,1.494226,-0.008105,0.004742,0.001194,0.21144
29.8525,-0.921365,-0.36112,1.49373,-0.00876,0.004566,0.001495,0.2082
29.9025,-0.916114,-0.370004,1.493223,-0.008383,0.005179,0.00184,0.20513
29.9525,-0.910756,-0.378652,1.492718,-0.008479,0.005153,0.00222,0.20234
30.0025,-0.905291,-0.387061,1.492218,-0.009378,0.004249,0.002621,0.19925
30.0525,-0.899721,-0.395223,1.491829,-0.005178,0.013253,0.002875,0.19704
30.1025,-0.893804,-0.403249,1.491566,0.008022,0.040336,0.003081,0.20431
30.1525,-0.886914,-0.411442,1.49136,0.02075,0.068613,0.003483,0.22658
30.2025,-0.878387,-0.420096,1.491141,0.02661,0.085278,0.003704,0.2611
30.2525,-0.867824,-0.429352,1.490879,0.025715,0.089658,0.00349,0.30133
30.3025,-0.855106,-0.439193,1.490604,0.020586,0.087751,0.002954,0.34182
30.3525,-0.840285,-0.449496,1.490304,0.014083,0.08217,0.002211,0.3798
30.4025,-0.823508,-0.460105,1.489971,0.007445,0.072659,0.001322,0.41348
30.4525,-0.805013,-0.470857,1.489609,0.00078,0.060865,0.00036,0.44134
30.5025,-0.78509,-0.481587,1.489213,-0.006641,0.050206,-0.000621,0.46302
30.5525,-0.764005,-0.492118,1.488771,-0.014078,0.040148,-0.001598,0.47897
30.6025,-0.742013,-0.502269,1.488309,-0.020522,0.028501,-0.002525,0.48909
30.6525,-0.7194,-0.511886,1.487851,-0.025976,0.016449,-0.0034,0.49302
30.7025,-0.696453,-0.520834,1.487403,-0.031289,0.007513,-0.004299,0.49162
30.7525,-0.673394,-0.528985,1.486958,-0.03599,0.000453,-0.005183,0.48631
30.8025,-0.6504,-0.536229,1.486531,-0.038934,-0.007362,-0.005955,0.47762
30.8525,-0.627661,-0.542494,1.486142,-0.040733,-0.015154,-0.006636,0.46545
30.9025,-0.605358,-0.547733,1.485814,-0.042928,-0.019443,-0.007351,0.45088
30.9525,-0.583595,-0.551897,1.48555,-0.044662,-0.021733,-0.00803,0.43548
31.0025,-0.562433,-0.554948,1.485353,-0.044577,-0.024902,-0.008547,0.41978
31.0525,-0.541946,-0.556891,1.48522,-0.043523,-0.028098,-0.00894,0.40344
31.1025,-0.5222,-0.557752,1.485148,-0.043004,-0.028524,-0.009333,0.38738
31.1525,-0.50321,-0.557546,1.485136,-0.042359,-0.028316,-0.009643,0.3726
31.2025,-0.484971,-0.556299,1.485174,-0.040077,-0.029578,-0.009777,0.35887
31.2525,-0.467511,-0.554066,1.485272,-0.037158,-0.031555,-0.009774,0.34532
31.3025,-0.450868,-0.550917,1.485436,-0.035962,-0.030442,-0.009794,0.33264
31.3525,-0.435015,-0.546886,1.485649,-0.036155,-0.028124,-0.009794,0.32224
31.4025,-0.419899,-0.541961,1.485914,-0.041921,-0.026782,-0.009719,0.31441
31.4525,-0.40547,-0.53601,1.486189,-0.05247,-0.021681,-0.009826,0.3113
31.5025,-0.3916,-0.528791,1.486476,-0.06104,-0.013972,-0.010105,0.3158
31.5525,-0.378111,-0.52011,1.486778,-0.063219,-0.009642,-0.010189,0.327
31.6025,-0.364893,-0.509915,1.487101,-0.060696,-0.008221,-0.010075,0.34132
31.6525,-0.351904,-0.498266,1.487438,-0.057373,-0.006736,-0.009968,0.35701
31.7025,-0.339112,-0.485252,1.487773,-0.052695,-0.006454,-0.009817,0.37308
31.7525,-0.326514,-0.470997,1.488095,-0.045398,-0.009259,-0.009549,0.38759
31.8025,-0.314174,-0.455678,1.488419,-0.037636,-0.011805,-0.009344,0.39888
31.8525,-0.302149,-0.439484,1.488723,-0.032045,-0.011464,-0.0093,0.40782
31.9025,-0.290437,-0.42256,1.489011,-0.026632,-0.010831,-0.009313,0.41529
31.9525,-0.279028,-0.405045,1.489283,-0.019482,-0.012437,-0.009326,0.42041
32.0025,-0.267956,-0.38711,1.48956,-0.012962,-0.013481,-0.0094,0.42229
32.0525,-0.257242,-0.368911,1.489824,-0.009483,-0.011538,-0.009563,0.4224
32.1025,-0.246845,-0.35054,1.49008,-0.006511,-0.00962,-0.009766,0.42192
32.1525,-0.236722,-0.332076,1.490331,-0.001582,-0.010276,-0.010002,0.42002
32.2025,-0.226882,-0.313635,1.490591,0.002663,-0.010087,-0.010266,0.41585
32.2525,-0.217316,-0.295314,1.490841,0.004079,-0.006818,-0.010543,0.41095
32.3025,-0.207952,-0.277156,1.491095,0.005321,-0.003924,-0.010822,0.40638
32.3525,-0.198722,-0.259194,1.491344,0.008535,-0.003797,-0.011111,0.40121
32.4025,-0.189617,-0.241501,1.491604,0.01096,-0.00298,-0.011367,0.39465
32.4525,-0.180613,-0.224131,1.491857,0.010745,0.000311,-0.011575,0.38817
32.5025,-0.171636,-0.207084,1.49211,0.010428,0.002792,-0.011759,0.38267
32.5525,-0.16263,-0.190356,1.49233,0.01187,0.002665,-0.011925,0.37721
32.6025,-0.153591,-0.173972,1.492306,0.012121,0.003381,-0.012026,0.37136
32.6525,-0.144496,-0.157927,1.491695,0.008792,0.007912,-0.012036,0.3674
32.7025,-0.135248,-0.142146,1.490183,0.005005,0.01273,-0.012001,0.36759
32.7525,-0.125744,-0.126547,1.487495,0.004601,0.013526,-0.011931,0.3716
32.8025,-0.115969,-0.111118,1.483402,0.007892,0.01013,-0.011831,0.37729
32.8525,-0.105999,-0.095931,1.477897,0.012951,0.00517,-0.011706,0.38189
32.9025,-0.095946,-0.081098,1.47109,0.018059,0.000189,-0.011561,0.38472
32.9525,-0.085926,-0.066734,1.463039,0.022579,-0.004421,-0.011397,0.38625
33.0025,-0.076048,-0.052943,1.453782,0.026629,-0.00877,-0.011214,0.38675
33.0525,-0.066414,-0.039816,1.443374,0.030108,-0.012981,-0.01102,0.38625
33.1025,-0.057123,-0.027434,1.431878,0.033064,-0.016871,-0.010812,0.38511
33.1525,-0.048265,-0.015864,1.41935,0.035285,-0.020199,-0.010585,0.38374
33.2025,-0.039918,-0.005155,1.405846,0.036696,-0.022753,-0.01033,0.3825
33.2525,-0.032141,0.00466,1.391415,0.037579,-0.02463,-0.010049,0.38206
33.3025,-0.024978,0.013563,1.376105,0.037861,-0.025945,-0.009751,0.38246
33.3525,-0.018459,0.021549,1.35996,0.03743,-0.026715,-0.009454,0.38416
33.4025,-0.012601,0.028628,1.343022,0.036777,-0.026921,-0.009173,0.38699
33.4525,-0.007406,0.034819,1.325333,0.0359,-0.026744,-0.008924,0.39131
33.5025,-0.00287,0.040142,1.306926,0.034901,-0.026517,-0.008722,0.3966
33.5525,0.001014,0.044625,1.287844,0.033547,-0.02595,-0.008561,0.40298
33.6025,0.004263,0.048299,1.26812,0.031962,-0.024725,-0.008429,0.41027
33.6525,0.006907,0.051205,1.24779,0.030187,-0.0231,-0.008335,0.41818
33.7025,0.008985,0.053385,1.226887,0.028354,-0.021326,-0.008285,0.42679
33.7525,0.010543,0.054887,1.205428,0.026272,-0.019503,-0.00828,0.43602
33.8025,0.011623,0.05576,1.183436,0.024068,-0.01785,-0.00832,0.44543
33.8525,0.012269,0.056058,1.160947,0.021649,-0.016214,-0.008399,0.45462
33.9025,0.01252,0.055841,1.137987,0.019239,-0.014569,-0.008507,0.46391
33.9525,0.012418,0.055166,1.114572,0.016998,-0.012999,-0.008642,0.47307
34.0025,0.012001,0.054089,1.09072,0.015121,-0.01154,-0.008794,0.48209
34.0525,0.011305,0.052654,1.066451,0.013574,-0.01011,-0.008939,0.49067
34.1025,0.010366,0.050901,1.041795,0.012215,-0.008806,-0.009066,0.49875
34.1525,0.009216,0.048863,1.01677,0.010748,-0.007523,-0.009166,0.50658
34.2025,0.007886,0.046576,0.991391,0.00914,-0.006363,-0.009225,0.51397
34.2525,0.006406,0.044078,0.965686,0.007508,-0.005274,-0.009245,0.52067
34.3025,0.004802,0.04141,0.939679,0.006004,-0.00425,-0.009224,0.52696
34.3525,0.0031,0.038608,0.91339,0.004715,-0.00322,-0.009158,0.53273
34.4025,0.001326,0.035703,0.88683,0.003573,-0.002063,-0.009043,0.53834
34.4525,-0.000493,0.032722,0.860005,0.002617,-0.000988,-0.008884,0.54368
34.5025,-0.00233,0.029689,0.832924,0.001726,-2.1e-05,-0.008681,0.54869
34.5525,-0.004163,0.026625,0.805609,0.000911,0.00066,-0.008438,0.55314
34.6025,-0.005972,0.023551,0.778078,0.000106,0.001417,-0.008163,0.55716
34.6525,-0.007742,0.020485,0.75036,-0.000695,0.001986,-0.00786,0.56053
34.7025,-0.009457,0.017447,0.722464,-0.001771,0.002492,-0.007536,0.56398
34.7525,-0.011106,0.014463,0.694385,-0.002798,0.003079,-0.007199,0.56741
34.8025,-0.012674,0.011557,0.666128,-0.003837,0.003463,-0.006855,0.57048
34.8525,-0.014153,0.008754,0.637711,-0.004746,0.00357,-0.006511,0.57318
34.9025,-0.015539,0.006077,0.609152,-0.005921,0.003396,-0.006172,0.57544
34.9525,-0.016838,0.003551,0.580469,-0.006904,0.002954,-0.005854,0.57743
35.0025,-0.01806,0.001201,0.551674,-0.007373,0.002576,-0.005573,0.57921
35.0525,-0.019214,-0.000963,0.522778,-0.007057,0.002149,-0.005332,0.5808
35.1025,-0.020311,-0.002949,0.493788,-0.006162,0.001673,-0.005132,0.58225
35.1525,-0.021361,-0.004778,0.464719,-0.0055,0.001894,-0.004983,0.58363
35.2025,-0.022359,-0.006466,0.435562,-0.005257,0.003097,-0.004886,0.58523
35.2525,-0.023278,-0.008019,0.40632,-0.005615,0.004375,-0.004835,0.58665
35.3025,-0.024087,-0.009431,0.377002,-0.005976,0.005272,-0.004824,0.58788
35.3525,-0.024765,-0.010694,0.347614,-0.005784,0.005783,-0.004852,0.58899
35.4025,-0.0253,-0.011813,0.318166,-0.005279,0.006044,-0.004921,0.58992
35.4525,-0.025686,-0.0128,0.288672,-0.004931,0.006035,-0.005024,0.59058
35.5025,-0.025923,-0.013663,0.259138,-0.004703,0.005879,-0.005159,0.59125
35.5525,-0.026017,-0.01441,0.229575,-0.004409,0.005403,-0.005315,0.59166
35.6025,-0.025978,-0.015048,0.19999,-0.00401,0.004624,-0.005484,0.59191
35.6525,-0.025827,-0.015585,0.170399,-0.003976,0.003881,-0.005647,0.59201
35.7025,-0.025581,-0.016024,0.140803,-0.004194,0.003589,-0.005795,0.59191
35.7525,-0.025246,-0.01636,0.111214,-0.004343,0.003429,-0.005916,0.5919
35.8025,-0.025136,-0.01675,0.098797,-0.000158,0.000121,-0.005862,0.02228
35.8525,-0.025139,-0.016827,0.099284,-0.000166,0.000201,-0.005835,0.0042
35.9025,-0.025129,-0.01683,0.099483,-0.000202,0.00031,-0.005828,0.00376
35.9525,-0.025115,-0.016825,0.099631,-0.000244,0.000418,-0.005821,0.00218
36.0025,-0.025102,-0.016818,0.099706,-0.00029,0.000508,-0.005812,0.001
36.0525,-0.025089,-0.016811,0.099736,-0.000336,0.000592,-0.005801,0.00044
36.1025,-0.025076,-0.016804,0.099745,-0.000387,0.000674,-0.005787,0.00032
36.1525,-0.025062,-0.016795,0.099744,-0.000443,0.000755,-0.005771,0.00034
36.2025,-0.025048,-0.016786,0.099739,-0.000499,0.000838,-0.005754,0.00038
36.2525,-0.025032,-0.016776,0.099732,-0.000559,0.000923,-0.005733,0.0004
36.3025,-0.025014,-0.016764,0.099731,-0.000656,0.001041,-0.005707,0.00055
36.3525,-0.024987,-0.016746,0.099736,-0.000798,0.001201,-0.005667,0.00073
36.4025,-0.024955,-0.016726,0.099744,-0.000958,0.001376,-0.00562,0.00083
36.4525,-0.02492,-0.016702,0.099754,-0.001125,0.001559,-0.005569,0.00091
36.5025,-0.024882,-0.016676,0.099765,-0.0013,0.001748,-0.005512,0.00098
36.5525,-0.024841,-0.016649,0.099777,-0.001479,0.001938,-0.00545,0.00105
36.6025,-0.024797,-0.016619,0.099789,-0.001661,0.002131,-0.005383,0.00111
36.6525,-0.024752,-0.016587,0.099803,-0.001847,0.002324,-0.005311,0.00118
36.7025,-0.024704,-0.016554,0.099817,-0.002034,0.002516,-0.005233,0.00123
36.7525,-0.024654,-0.016519,0.099831,-0.002222,0.002711,-0.005149,0.00128
36.8025,-0.024601,-0.016483,0.099845,-0.00241,0.002903,-0.005059,0.00133
36.8525,-0.024547,-0.016445,0.099859,-0.002597,0.003093,-0.004961,0.00138
36.9025,-0.024492,-0.016406,0.099843,-0.002676,0.003161,-0.004857,0.01008
36.9525,-0.024627,-0.016533,0.098904,-0.00062,0.000835,-0.004817,0.01167
37.0025,-0.024711,-0.016599,0.098551,-0.000216,0.000293,-0.004816,0.00419
37.0525,-0.024744,-0.016623,0.098429,-7.5e-05,0.000101,-0.004816,0.00144
37.1025,-0.024755,-0.016632,0.098387,-2.6e-05,3.5e-05,-0.004816,0.00049
37.1525,-0.024759,-0.016634,0.098373,-9e-06,1.2e-05,-0.004816,0.00017
37.2025,-0.02476,-0.016635,0.098368,-3e-06,4e-06,-0.004816,6e-05
37.2525,-0.024761,-0.016636,0.098366,-1e-06,1e-06,-0.004816,2e-05
37.3025,-0.024761,-0.016636,0.098366,-0.0,0.0,-0.004816,1e-05
37.3525,-0.024761,-0.016636,0.098366,-0.0,0.0,-0.004816,0.0
37.4025,-0.024761,-0.016636,0.098366,-0.0,0.0,-0.004816,0.0
37.4525,-0.024761,-0.016636,0.098366,-0.0,0.0,-0.004816,0.0
37.5025,-0.024761,-0.016636,0.098366,-0.0,0.0,-0.004816,0.0
37.5525,-0.024761,-0.016636,0.098366,-0.0,0.0,-0.004816,0.0
37.6025,-0.024761,-0.016636,0.098366,-0.0,0.0,-0.004816,0.0
37.6525,-0.024761,-0.016636,0.098366,-0.0,0.0,-0.004816,0.0
37.7025,-0.024761,-0.016636,0.098366,-0.0,0.0,-0.004816,0.0
37.7525,-0.024761,-0.016636,0.098366,-0.0,0.0,-0.004816,0.0
37.8025,-0.024761,-0.016636,0.098366,-0.0,0.0,-0.004816,0.0
37.8525,-0.024761,-0.016636,0.098366,-0.0,0.0,-0.004816,0.0
37.9025,-0.024761,-0.016636,0.098366,-0.0,0.0,-0.004816,0.0
37.9525,-0.024761,-0.016636,0.098366,-0.0,0.0,-0.004816,0.0
38.0025,-0.024761,-0.016636,0.098366,-0.0,0.0,-0.004816,0.0
38.0525,-0.024761,-0.016636,0.098366,-0.0,0.0,-0.004816,0.0
38.1025,-0.024761,-0.016636,0.098366,-0.0,0.0,-0.004816,0.0
38.1525,-0.024761,-0.016636,0.098366,-0.0,0.0,-0.004816,0.0
38.2025,-0.024761,-0.016636,0.098366,-0.0,0.0,-0.004816,0.0
38.2525,-0.024761,-0.016636,0.098366,-0.0,0.0,-0.004816,0.0
38.3025,-0.024761,-0.016636,0.098366,-0.0,0.0,-0.004816,0.0
38.3525,-0.024761,-0.016636,0.098366,-0.0,0.0,-0.004816,0.0
38.4025,-0.024761,-0.016636,0.098366,-0.0,0.0,-0.004816,0.0
38.4525,-0.024761,-0.016636,0.098366,0.0,0.0,-0.004816,0.0
38.5025,-0.024761,-0.016636,0.098366,0.0,0.0,-0.004816,0.0
38.5525,-0.024761,-0.016636,0.098366,0.0,0.0,-0.004816,0.0
38.6025,-0.024761,-0.016636,0.098366,0.0,0.0,-0.004816,0.0
38.6525,-0.024761,-0.016636,0.098366,0.0,0.0,-0.004816,0.0
38.7025,-0.024761,-0.016636,0.098366,0.0,0.0,-0.004816,0.0
38.7525,-0.024761,-0.016636,0.098366,0.0,0.0,-0.004816,0.0
38.8025,-0.024761,-0.016636,0.098366,0.0,0.0,-0.004816,0.0
38.8525,-0.024761,-0.016636,0.098366,0.0,0.0,-0.004816,0.0
38.9025,-0.024761,-0.016636,0.098366,0.0,0.0,-0.004816,0.0
38.9525,-0.024761,-0.016636,0.098366,0.0,0.0,-0.004816,0.0
39.0025,-0.024761,-0.016636,0.098366,0.0,0.0,-0.004816,0.0
39.0525,-0.024761,-0.016636,0.098366,0.0,0.0,-0.004816,0.0
39.1025,-0.024761,-0.016636,0.098366,0.0,0.0,-0.004816,0.0
39.1525,-0.024761,-0.016636,0.098366,0.0,0.0,-0.004816,0.0
39.2025,-0.024761,-0.016636,0.098366,0.0,0.0,-0.004816,0.0
39.2525,-0.024761,-0.016636,0.098366,0.0,0.0,-0.004816,0.0
39.3025,-0.024761,-0.016636,0.098366,0.0,0.0,-0.004816,0.0
39.3525,-0.024761,-0.016636,0.098366,0.0,0.0,-0.004816,0.0
39.4025,-0.024761,-0.016636,0.098366,0.0,0.0,-0.004816,0.0
39.4525,-0.024761,-0.016636,0.098366,0.0,0.0,-0.004816,0.0
39.5025,-0.024761,-0.016636,0.098366,0.0,0.0,-0.004816,0.0
39.5525,-0.024761,-0.016636,0.098366,0.0,0.0,-0.004816,0.0
39.6025,-0.024761,-0.016636,0.098366,0.0,0.0,-0.004816,0.0
39.6525,-0.024761,-0.016636,0.098366,0.0,0.0,-0.004816,0.0
39.7025,-0.024761,-0.016636,0.098366,0.0,0.0,-0.004816,0.0
39.7525,-0.024761,-0.016636,0.098366,0.0,0.0,-0.004816,0.0
39.8025,-0.024761,-0.016636,0.098366,0.0,0.0,-0.004816,0.0
39.8525,-0.024761,-0.016636,0.098366,0.0,0.0,-0.004816,0.0
39.9025,-0.024761,-0.016636,0.098366,0.0,0.0,-0.004816,0.0
39.9525,-0.024761,-0.016636,0.098366,0.0,0.0,-0.004816,0.0
40.0025,-0.024761,-0.016636,0.098366,0.0,0.0,-0.004816,0.0
40.0525,-0.024761,-0.016636,0.098366,0.0,0.0,-0.004816,0.0
40.1025,-0.024761,-0.016636,0.098366,0.0,0.0,-0.004816,0.0
40.14,-0.024761,-0.016636,0.098366,0.0,0.0,-0.004816,0.0
