time_s,x_m,y_m,z_m,roll_rad,pitch_rad,yaw_rad,approx_speed_m_s
0.0025,0.0,0.0,0.119969,0.0,0.0,0.0,0.03677
0.0525,0.0,0.0,0.106509,0.0,0.0,0.0,0.51346
0.1025,0.0,0.0,0.098104,0.0,0.0,0.0,0.00563
0.1525,0.0,0.0,0.098276,0.0,0.0,0.0,0.00192
0.2025,0.0,0.0,0.098335,0.0,0.0,0.0,0.00065
0.2525,0.0,0.0,0.098355,0.0,0.0,0.0,0.00022
0.3025,0.0,0.0,0.098362,0.0,0.0,0.0,8e-05
0.3525,0.0,0.0,0.098364,0.0,0.0,0.0,3e-05
0.4025,0.0,0.0,0.098365,0.0,0.0,0.0,1e-05
0.4525,0.0,0.0,0.098365,0.0,0.0,0.0,0.0
0.5025,0.0,0.0,0.098366,0.0,0.0,0.0,0.0
0.5525,0.0,0.0,0.098366,0.0,0.0,0.0,0.0
0.6025,0.0,0.0,0.098366,0.0,0.0,0.0,0.0
0.6525,0.0,0.0,0.098366,0.0,0.0,0.0,0.0
0.7025,0.0,0.0,0.098366,0.0,0.0,0.0,0.0
0.7525,0.0,0.0,0.098366,0.0,0.0,0.0,0.0
0.8025,0.0,0.0,0.098366,0.0,0.0,0.0,0.0
0.8525,0.0,0.0,0.098366,0.0,0.0,0.0,0.0
0.9025,0.0,0.0,0.098366,0.0,0.0,0.0,0.0
0.9525,0.0,0.0,0.098366,0.0,0.0,0.0,0.0
1.0025,0.0,0.0,0.098366,0.0,0.0,0.0,0.0
1.0525,0.0,0.0,0.098366,0.0,0.0,0.0,0.0
1.1025,0.0,0.0,0.098366,0.0,0.0,0.0,0.0
1.1525,0.0,0.0,0.098366,0.0,0.0,0.0,0.0
1.2025,0.0,0.0,0.098366,0.0,0.0,0.0,0.0
1.2525,0.0,0.0,0.098366,0.0,0.0,0.0,0.0
1.3025,0.0,0.0,0.098366,0.0,0.0,0.0,0.0
1.3525,0.0,0.0,0.098366,0.0,0.0,0.0,0.0
1.4025,0.0,0.0,0.098366,0.0,0.0,0.0,0.0
1.4525,0.0,0.0,0.098366,0.0,0.0,0.0,0.0
1.5025,0.0,0.0,0.098366,0.0,0.0,0.0,0.0
1.5525,0.0,0.0,0.098366,0.0,0.0,0.0,0.0
1.6025,0.0,0.0,0.098366,0.0,0.0,0.0,0.0
1.6525,0.0,0.0,0.098366,0.0,0.0,0.0,0.0
1.7025,0.0,0.0,0.098366,0.0,0.0,0.0,0.0
1.7525,0.0,0.0,0.098366,0.0,0.0,0.0,0.0
1.8025,0.0,0.0,0.098366,0.0,0.0,0.0,0.0
1.8525,0.0,0.0,0.098366,0.0,0.0,0.0,0.0
1.9025,0.0,0.0,0.098366,0.0,0.0,0.0,0.0
1.9525,0.0,0.0,0.098366,0.0,0.0,0.0,0.0
2.0025,0.0,0.0,0.098366,0.0,0.0,0.0,0.0
2.0525,0.0,0.0,0.098366,0.0,0.0,0.0,0.0
2.1025,0.0,0.0,0.098366,0.0,0.0,0.0,0.0
2.1525,0.0,0.0,0.098366,0.0,0.0,0.0,0.0
2.2025,0.0,0.0,0.098366,0.0,0.0,0.0,0.0
2.2525,0.0,0.0,0.098366,0.0,0.0,0.0,0.0
2.3025,0.0,0.0,0.098366,0.0,0.0,0.0,0.0
2.3525,0.0,0.0,0.098366,0.0,0.0,0.0,0.0
2.4025,0.0,0.0,0.098366,0.0,0.0,0.0,0.0
2.4525,0.0,0.0,0.098366,0.0,0.0,0.0,0.0
2.5025,0.0,0.0,0.098366,0.0,0.0,0.0,0.0
2.5525,0.0,0.0,0.098366,0.0,0.0,0.0,0.0
2.6025,0.0,0.0,0.098366,0.0,0.0,0.0,0.0
2.6525,0.0,0.0,0.098366,0.0,0.0,0.0,0.0
2.7025,0.0,0.0,0.098366,0.0,0.0,0.0,0.0
2.7525,0.0,0.0,0.098366,0.0,0.0,0.0,0.0
2.8025,0.0,0.0,0.098366,0.0,0.0,0.0,0.0
2.8525,0.0,0.0,0.098366,0.0,0.0,0.0,0.0
2.9025,0.0,0.0,0.098366,0.0,0.0,0.0,0.0
2.9525,0.0,0.0,0.098366,0.0,0.0,0.0,0.0
3.0025,0.0,0.0,0.098366,0.0,0.0,0.0,0.0
3.0525,0.0,0.0,0.098366,0.0,0.0,0.0,0.0
3.1025,0.0,0.0,0.098366,0.0,0.0,0.0,0.0
3.1525,0.0,0.0,0.098366,0.0,0.0,0.0,0.0
3.2025,0.0,0.0,0.098366,0.0,0.0,0.0,0.0
3.2525,0.0,0.0,0.098366,0.0,0.0,0.0,0.0
3.3025,0.0,0.0,0.098366,0.0,0.0,0.0,0.0
3.3525,0.0,0.0,0.098366,0.0,0.0,0.0,0.0
3.4025,0.0,0.0,0.098366,0.0,0.0,0.0,0.0
3.4525,0.0,0.0,0.098366,0.0,0.0,0.0,0.0
3.5025,0.0,0.0,0.098366,0.0,0.0,0.0,0.0
3.5525,0.0,0.0,0.098366,0.0,0.0,0.0,0.0
3.6025,0.0,0.0,0.098366,0.0,0.0,0.0,0.0
3.6525,0.0,0.0,0.098366,0.0,0.0,0.0,0.0
3.7025,0.0,0.0,0.098366,0.0,0.0,0.0,0.0
3.7525,0.0,0.0,0.098366,0.0,0.0,0.0,0.0
3.8025,0.0,0.0,0.098366,0.0,0.0,0.0,0.0
3.8525,0.0,0.0,0.098366,0.0,0.0,0.0,0.0
3.9025,0.0,0.0,0.098366,0.0,0.0,0.0,0.0
3.9525,0.0,0.0,0.098366,0.0,0.0,0.0,0.0
4.0025,0.0,0.0,0.098366,0.0,0.0,0.0,0.0
4.0525,0.0,0.0,0.098366,0.0,0.0,0.0,0.0
4.1025,0.0,0.0,0.098366,0.0,0.0,0.0,0.0
4.1525,0.0,0.0,0.098366,0.0,0.0,0.0,0.0
4.2025,0.0,0.0,0.098366,0.0,0.0,0.0,0.0
4.2525,0.0,0.0,0.098366,0.0,0.0,0.0,0.0
4.3025,0.0,0.0,0.098366,0.0,0.0,0.0,0.0
4.3525,0.0,0.0,0.098366,0.0,0.0,0.0,0.0
4.4025,0.0,0.0,0.098366,0.0,0.0,0.0,0.0
4.4525,0.0,0.0,0.098366,0.0,0.0,0.0,0.0
4.5025,0.0,0.0,0.098366,0.0,0.0,0.0,0.0
4.5525,0.0,0.0,0.098366,0.0,0.0,0.0,0.0
4.6025,0.0,0.0,0.098366,0.0,0.0,0.0,0.0
4.6525,0.0,0.0,0.098366,0.0,0.0,0.0,0.0
4.7025,0.0,0.0,0.098366,0.0,0.0,0.0,0.0
4.7525,0.0,0.0,0.098366,0.0,0.0,0.0,0.0
4.8025,0.0,0.0,0.098366,0.0,0.0,0.0,0.0
4.8525,0.0,0.0,0.098366,0.0,0.0,0.0,0.0
4.9025,0.0,0.0,0.098366,0.0,0.0,0.0,0.0
4.9525,0.0,0.0,0.098366,0.0,0.0,0.0,0.0
5.0025,0.0,0.0,0.098366,0.0,0.0,0.0,0.0
5.0525,0.0,0.0,0.098366,0.0,0.0,0.0,0.0
5.1025,0.0,0.0,0.098366,0.0,0.0,0.0,0.0
5.1525,0.0,0.0,0.098366,0.0,0.0,0.0,0.0
5.2025,0.0,0.0,0.098366,0.0,0.0,0.0,0.0
5.2525,0.0,0.0,0.098366,0.0,0.0,0.0,0.0
5.3025,0.0,0.0,0.098366,0.0,0.0,0.0,0.0
5.3525,0.0,0.0,0.098366,0.0,0.0,0.0,0.0
5.4025,0.0,0.0,0.098366,0.0,0.0,0.0,0.0
5.4525,0.0,0.0,0.098366,0.0,0.0,0.0,0.0
5.5025,0.0,0.0,0.098366,0.0,0.0,0.0,0.0
5.5525,0.0,0.0,0.098366,0.0,0.0,0.0,0.0
5.6025,0.0,0.0,0.098366,0.0,0.0,0.0,0.0
5.6525,0.0,0.0,0.098366,0.0,0.0,0.0,0.0
5.7025,0.0,0.0,0.098366,0.0,0.0,0.0,0.0
5.7525,0.0,0.0,0.098366,0.0,0.0,0.0,0.0
5.8025,0.0,0.0,0.098366,0.0,0.0,0.0,0.0
5.8525,0.0,0.0,0.098366,0.0,0.0,0.0,0.0
5.9025,0.0,0.0,0.098366,0.0,0.0,0.0,0.0
5.9525,0.0,0.0,0.098366,0.0,0.0,0.0,0.0
6.0025,0.0,0.0,0.098366,0.0,0.0,0.0,0.0
6.0525,0.0,0.0,0.098558,0.0,0.0,0.0,0.02195
6.1025,0.0,0.0,0.100103,0.0,0.0,0.0,0.04129
6.1525,0.0,0.0,0.102632,0.0,0.0,0.0,0.05928
6.2025,0.0,0.0,0.106007,0.0,0.0,0.0,0.07562
6.2525,0.0,0.0,0.110192,0.0,0.0,0.0,0.09175
6.3025,0.0,0.0,0.115181,0.0,0.0,0.0,0.1078
6.3525,0.0,0.0,0.12097,0.0,0.0,0.0,0.12377
6.4025,0.0,0.0,0.127556,0.0,0.0,0.0,0.13966
6.4525,0.0,0.0,0.134935,0.0,0.0,0.0,0.15546
6.5025,0.0,0.0,0.143101,0.0,0.0,0.0,0.17119
6.5525,0.0,0.0,0.152052,0.0,0.0,0.0,0.18684
6.6025,0.0,0.0,0.161784,0.0,0.0,0.0,0.20241
6.6525,0.0,0.0,0.172292,0.0,0.0,0.0,0.21789
6.7025,0.0,0.0,0.183572,0.0,0.0,0.0,0.2333
6.7525,0.0,0.0,0.19562,0.0,0.0,0.0,0.24862
6.8025,0.0,0.0,0.208433,0.0,0.0,0.0,0.26386
6.8525,0.0,0.0,0.222005,0.0,0.0,0.0,0.27901
6.9025,0.0,0.0,0.236333,0.0,0.0,0.0,0.29409
6.9525,0.0,0.0,0.251412,0.0,0.0,0.0,0.30908
7.0025,0.0,0.0,0.267239,0.0,0.0,0.0,0.32398
7.0525,0.0,0.0,0.283507,-1e-06,0.0,0.0,0.31873
7.1025,0.0,2e-06,0.30248,-0.000898,3.9e-05,-1e-06,0.452
7.1525,1e-06,3.5e-05,0.328403,-0.002851,0.000116,-2e-06,0.57741
7.2025,6e-06,0.00015,0.359574,-0.00374,0.000159,-4e-06,0.66503
7.2525,1.5e-05,0.000367,0.394634,-0.003004,5.1e-05,-9e-06,0.73568
7.3025,2.5e-05,0.000664,0.433001,-0.001178,-0.000149,-1.6e-05,0.79777
7.3525,3.1e-05,0.000993,0.474275,0.00054,-0.000349,-2.2e-05,0.85183
7.4025,2.8e-05,0.001309,0.518036,0.001376,-0.000509,-2.9e-05,0.89716
7.4525,1.1e-05,0.001588,0.563846,0.001342,-0.000622,-3.6e-05,0.93377
7.5025,-2.2e-05,0.001831,0.611273,0.001104,-0.000714,-4.8e-05,0.96201
7.5525,-7.4e-05,0.002045,0.659924,0.000942,-0.000777,-6.1e-05,0.98292
7.6025,-0.000145,0.002233,0.709447,0.000728,-0.000814,-7.2e-05,0.99691
7.6525,-0.000236,0.002402,0.759507,0.000926,-0.0008,-8.4e-05,1.00434
7.7025,-0.000346,0.002546,0.809769,0.001202,-0.000693,-9.6e-05,1.00512
7.7525,-0.000473,0.002662,0.859927,0.000823,-0.000544,-0.000109,1.0002
7.8025,-0.000613,0.002758,0.909691,0.00033,-0.000386,-0.000122,0.9894
7.8525,-0.000761,0.002844,0.958773,0.000415,-0.000231,-0.000134,0.97302
7.9025,-0.000914,0.002919,1.00691,0.000783,-8.1e-05,-0.000146,0.9516
7.9525,-0.001069,0.002976,1.053847,0.001012,5.8e-05,-0.000158,0.92509
8.0025,-0.001222,0.00301,1.099342,0.000834,0.000164,-0.00017,0.8939
8.0525,-0.00137,0.003026,1.143155,-2.7e-05,0.000237,-0.000181,0.85789
8.1025,-0.001513,0.003043,1.185058,-0.000778,0.00029,-0.000194,0.8175
8.1525,-0.001648,0.003076,1.224824,-0.001044,0.00034,-0.000208,0.77226
8.2025,-0.001776,0.00313,1.262273,-0.000922,0.000656,-0.00022,0.72651
8.2525,-0.00188,0.003213,1.297537,-0.004253,0.004642,-0.000223,0.68452
8.3025,-0.001873,0.003399,1.330776,-0.01153,0.011958,-0.000261,0.64551
8.3525,-0.001595,0.003846,1.362113,-0.018365,0.018529,-0.000319,0.60844
8.4025,-0.000903,0.004702,1.391631,-0.022136,0.022296,-0.000342,0.57368
8.4525,0.0003,0.006063,1.41943,-0.026366,0.027096,-0.000387,0.54091
8.5025,0.002122,0.008026,1.445568,-0.031819,0.033162,-0.000485,0.51078
8.5525,0.004698,0.01071,1.470138,-0.035421,0.037172,-0.000536,0.48385
8.6025,0.008115,0.014195,1.493218,-0.03588,0.038008,-0.00048,0.4607
8.6525,0.012405,0.018501,1.5149,-0.036971,0.039791,-0.000447,0.44065
8.7025,0.017607,0.023653,1.53523,-0.039163,0.042807,-0.00047,0.42466
8.7525,0.023783,0.029695,1.554281,-0.039594,0.043446,-0.000404,0.41299
8.8025,0.030944,0.036633,1.572112,-0.036711,0.040182,-0.000196,0.40508
8.8525,0.039023,0.044408,1.588798,-0.034289,0.037304,-4e-06,0.3995
8.9025,0.047953,0.052964,1.604364,-0.033744,0.036476,0.000107,0.39651
8.9525,0.057708,0.06228,1.618871,-0.032253,0.034798,0.000236,0.3964
9.0025,0.068242,0.072318,1.632366,-0.028369,0.030541,0.000425,0.39782
9.0525,0.079464,0.082993,1.644909,-0.025473,0.027578,0.000557,0.39954
9.1025,0.091303,0.094236,1.656522,-0.024278,0.026356,0.000623,0.40224
9.1525,0.103721,0.106012,1.667252,-0.022069,0.023714,0.000707,0.40582
9.2025,0.116652,0.118265,1.677128,-0.01781,0.018813,0.00081,0.40889
9.2525,0.129991,0.130901,1.686204,-0.014901,0.015987,0.000851,0.41076
9.3025,0.143668,0.143851,1.694511,-0.013715,0.01535,0.000825,0.41287
9.3525,0.157662,0.15708,1.70211,-0.011415,0.013353,0.000779,0.41512
9.4025,0.17192,0.17053,1.70903,-0.006991,0.008625,0.000712,0.41608
9.4525,0.186339,0.184102,1.715336,-0.00362,0.005197,0.000594,0.41491
9.5025,0.200839,0.197718,1.721047,-0.002566,0.004294,0.000425,0.41291
9.5525,0.215392,0.211348,1.726199,-0.001253,0.002964,0.000224,0.41077
9.6025,0.229962,0.224956,1.730811,0.001882,-0.000186,-1.2e-05,0.4075
9.6525,0.244482,0.238473,1.734918,0.004015,-0.001868,-0.000262,0.40271
9.7025,0.258913,0.25185,1.738538,0.004514,-0.001705,-0.000517,0.39767
9.7525,0.273252,0.265072,1.741711,0.005337,-0.002352,-0.000774,0.39273
9.8025,0.287482,0.278115,1.74445,0.007559,-0.004716,-0.001034,0.38694
9.8525,0.301556,0.290934,1.746777,0.008685,-0.005172,-0.001258,0.38014
9.9025,0.315461,0.303503,1.748698,0.008481,-0.003851,-0.001444,0.3737
9.9525,0.329224,0.315823,1.750246,0.008978,-0.003987,-0.001612,0.36774
10.0025,0.342839,0.32788,1.751427,0.010883,-0.006181,-0.001771,0.36105
10.0525,0.356264,0.339636,1.752262,0.011822,-0.0066,-0.00187,0.35347
10.1025,0.369487,0.351068,1.75276,0.011881,-0.005454,-0.00192,0.34614
10.1525,0.382532,0.362173,1.752954,0.012653,-0.005501,-0.001951,0.33915
10.2025,0.395394,0.372932,1.752866,0.014403,-0.007636,-0.001984,0.3314
10.2525,0.408034,0.383308,1.752514,0.014946,-0.007806,-0.001958,0.32287
10.3025,0.420447,0.393291,1.751887,0.014014,-0.005964,-0.001875,0.31499
10.3525,0.432671,0.4029,1.750996,0.013629,-0.005477,-0.001789,0.30807
10.4025,0.444716,0.412144,1.749842,0.014466,-0.007156,-0.00172,0.30089
10.4525,0.456552,0.421008,1.748444,0.014742,-0.007136,-0.001609,0.29327
10.5025,0.46818,0.429487,1.746809,0.014204,-0.005572,-0.001469,0.28622
10.5525,0.47963,0.437593,1.744963,0.01388,-0.005284,-0.001346,0.27987
10.6025,0.49091,0.445332,1.742929,0.014669,-0.007028,-0.001252,0.27317
10.6525,0.501986,0.45269,1.740723,0.015046,-0.007024,-0.001134,0.26605
10.7025,0.51286,0.459661,1.738324,0.014312,-0.005134,-0.000997,0.25964
10.7525,0.523571,0.466261,1.735743,0.013848,-0.004268,-0.00089,0.25423
10.8025,0.53414,0.472501,1.732982,0.014247,-0.005038,-0.000834,0.24892
10.8525,0.544555,0.478375,1.730048,0.014434,-0.004303,-0.000787,0.24367
10.9025,0.554835,0.48388,1.726944,0.014127,-0.002562,-0.000767,0.23918
10.9525,0.565015,0.489024,1.723681,0.013784,-0.002272,-0.000813,0.23545
11.0025,0.575103,0.493814,1.720284,0.014083,-0.003635,-0.000931,0.23135
11.0525,0.585075,0.498244,1.716781,0.014619,-0.003158,-0.001073,0.2271
11.1025,0.594939,0.502306,1.713179,0.01436,-0.001548,-0.001248,0.22343
11.1525,0.604731,0.506005,1.709498,0.013894,-0.001382,-0.001482,0.22048
11.2025,0.614453,0.509352,1.70574,0.013864,-0.002638,-0.001759,0.21734
11.2525,0.624083,0.512349,1.701918,0.013965,-0.002408,-0.002025,0.21417
11.3025,0.633625,0.514997,1.698028,0.013764,-0.001266,-0.002276,0.21153
11.3525,0.643102,0.517301,1.694082,0.013213,-0.001237,-0.002533,0.20938
11.4025,0.652514,0.519275,1.690098,0.012894,-0.002652,-0.002794,0.20691
11.4525,0.661835,0.520926,1.686087,0.013193,-0.002471,-0.003015,0.20437
11.5025,0.671066,0.522249,1.682048,0.013467,-0.001507,-0.003203,0.20225
11.5525,0.680227,0.52324,1.677991,0.013147,-0.001716,-0.003375,0.20052
11.6025,0.689313,0.523908,1.673933,0.012355,-0.003331,-0.003529,0.19829
11.6525,0.698291,0.524269,1.669884,0.012269,-0.003344,-0.003612,0.19601
11.7025,0.70716,0.524328,1.665829,0.012929,-0.002313,-0.003626,0.19419
11.7525,0.71594,0.524072,1.661772,0.013209,-0.00248,-0.003604,0.19286
11.8025,0.724628,0.523495,1.657725,0.012757,-0.003519,-0.003534,0.19121
11.8525,0.733204,0.522606,1.653683,0.013296,-0.003297,-0.003395,0.18979
11.9025,0.741673,0.521394,1.649644,0.014407,-0.002597,-0.0032,0.18873
11.9525,0.750048,0.519835,1.645618,0.014567,-0.002878,-0.002983,0.18825
12.0025,0.758323,0.517926,1.641598,0.014204,-0.003776,-0.002752,0.18757
12.0525,0.766481,0.515673,1.637592,0.014764,-0.003524,-0.002492,0.18706
12.1025,0.774526,0.513066,1.633599,0.015695,-0.002955,-0.002217,0.18721
12.1525,0.782471,0.510085,1.629615,0.015852,-0.003385,-0.001964,0.18783
12.2025,0.790305,0.506729,1.625645,0.015025,-0.004747,-0.001746,0.18818
12.2525,0.797999,0.503013,1.621699,0.01494,-0.005025,-0.001536,0.18835
12.3025,0.805548,0.498943,1.617776,0.015319,-0.004517,-0.001338,0.18898
12.3525,0.812959,0.494513,1.613875,0.01489,-0.00465,-0.001189,0.1901
12.4025,0.820231,0.489735,1.609998,0.013574,-0.00545,-0.001107,0.19087
12.4525,0.827349,0.484637,1.606155,0.013643,-0.005354,-0.001072,0.19165
12.5025,0.834313,0.47922,1.602342,0.014202,-0.00473,-0.001085,0.19294
12.5525,0.841137,0.473475,1.598564,0.013681,-0.004801,-0.001171,0.19458
12.6025,0.847821,0.467414,1.594839,0.012709,-0.005322,-0.001327,0.19584
12.6525,0.854355,0.461059,1.591167,0.013268,-0.004436,-0.001526,0.19738
12.7025,0.86076,0.454398,1.587547,0.014203,-0.003589,-0.001771,0.19973
12.7525,0.867052,0.447412,1.583989,0.014389,-0.003768,-0.002056,0.2024
12.8025,0.873233,0.440094,1.580497,0.015572,-0.003399,-0.002344,0.20558
12.8525,0.879311,0.432418,1.577061,0.016955,-0.002603,-0.002622,0.20964
12.9025,0.885304,0.424355,1.573688,0.016268,-0.002466,-0.002895,0.21426
12.9525,0.891213,0.415924,1.570377,0.014021,-0.003034,-0.003157,0.21822
13.0025,0.89703,0.407172,1.567126,0.013523,-0.003208,-0.003385,0.22176
13.0525,0.902748,0.398116,1.563924,0.013955,-0.003118,-0.003562,0.22547
13.1025,0.908369,0.388751,1.560772,0.012667,-0.003584,-0.003691,0.2292
13.1525,0.913882,0.37911,1.557676,0.009944,-0.004667,-0.003763,0.23174
13.2025,0.919263,0.369252,1.554642,0.009518,-0.005221,-0.003767,0.23358
13.2525,0.924499,0.35919,1.551658,0.010598,-0.005191,-0.0037,0.23565
13.3025,0.929589,0.348906,1.548734,0.009928,-0.005532,-0.003576,0.238
13.3525,0.934524,0.338416,1.545878,0.007805,-0.006343,-0.003394,0.23942
13.4025,0.939289,0.327765,1.543097,0.007862,-0.006791,-0.003151,0.2404
13.4525,0.943872,0.316953,1.540387,0.009039,-0.006668,-0.002851,0.24176
13.5025,0.948276,0.305961,1.537755,0.00807,-0.006701,-0.002516,0.24342
13.5525,0.952498,0.294812,1.535209,0.005308,-0.007351,-0.002172,0.24399
13.6025,0.956528,0.283565,1.532751,0.004888,-0.007427,-0.001828,0.24394
13.6525,0.960363,0.272231,1.530361,0.005845,-0.007019,-0.001491,0.2442
13.7025,0.964014,0.260795,1.528049,0.005123,-0.006702,-0.001175,0.24477
13.7525,0.967486,0.249277,1.525818,0.002658,-0.006918,-0.000887,0.24447
13.8025,0.970778,0.237725,1.523672,0.002769,-0.007147,-0.00064,0.24365
13.8525,0.973883,0.226139,1.521594,0.004817,-0.007242,-0.000451,0.24348
13.9025,0.976801,0.214476,1.519596,0.005035,-0.007379,-0.000331,0.24402
13.9525,0.979528,0.202735,1.517686,0.003108,-0.007535,-0.00028,0.24401
14.0025,0.982063,0.19095,1.51586,0.003438,-0.00713,-0.000303,0.24373
14.0525,0.984414,0.179117,1.514087,0.005209,-0.006776,-0.0004,0.2442
14.1025,0.986591,0.167199,1.512369,0.005197,-0.006574,-0.000565,0.2453
14.1525,0.9886,0.155197,1.51071,0.003587,-0.006307,-0.000792,0.24585
14.2025,0.990447,0.14314,1.509112,0.004437,-0.006044,-0.001074,0.24629
14.2525,0.992141,0.131013,1.507567,0.006332,-0.005846,-0.00139,0.24757
14.3025,0.993684,0.118776,1.506078,0.005854,-0.006114,-0.001727,0.24936
14.3525,0.995071,0.10644,1.504654,0.003683,-0.006411,-0.002066,0.25029
14.4025,0.996298,0.094048,1.503286,0.004078,-0.006246,-0.002394,0.25084
14.4525,0.997368,0.081596,1.501958,0.005508,-0.005864,-0.002703,0.25204
14.5025,0.99829,0.069055,1.500662,0.004747,-0.005843,-0.002976,0.25357
14.5525,0.999064,0.056445,1.499398,0.002349,-0.006191,-0.003193,0.25411
14.6025,0.999683,0.043809,1.498184,0.00373,-0.006835,-0.003347,0.25437
14.6525,1.000134,0.031121,1.497004,0.006732,-0.006997,-0.003434,0.25593
14.7025,1.000412,0.018318,1.495858,0.006605,-0.006637,-0.003453,0.25836
14.7525,1.000526,0.005397,1.494747,0.005689,-0.006207,-0.003399,0.26035
14.8025,1.000486,-0.007625,1.493652,0.006753,-0.006456,-0.003278,0.26245
14.8525,1.000287,-0.020767,1.492572,0.007597,-0.006969,-0.003092,0.26518
14.9025,0.999918,-0.034047,1.491509,0.006563,-0.007088,-0.00284,0.26781
14.9525,0.999376,-0.047446,1.490461,0.006904,-0.007548,-0.002533,0.27027
15.0025,0.998649,-0.06097,1.48942,0.00786,-0.008338,-0.002184,0.27319
15.0525,0.997721,-0.074636,1.488396,0.00629,-0.00878,-0.001795,0.27613
15.1025,0.996583,-0.088405,1.487391,0.002695,-0.008341,-0.001377,0.27767
15.1525,0.995243,-0.102199,1.486407,0.001315,-0.008424,-0.000958,0.27799
15.2025,0.993699,-0.115983,1.485433,0.001372,-0.009002,-0.000557,0.27818
15.2525,0.991942,-0.12975,1.484469,-0.000211,-0.008756,-0.000184,0.2782
15.3025,0.989979,-0.14346,1.483507,-0.004033,-0.007783,0.000146,0.27681
15.3525,0.987828,-0.157031,1.482564,-0.005898,-0.007824,0.000433,0.27396
15.4025,0.985492,-0.170417,1.48162,-0.005559,-0.008472,0.000658,0.27094
15.4525,0.982957,-0.183621,1.480684,-0.00595,-0.008602,0.000805,0.26817
15.5025,0.980221,-0.196631,1.479754,-0.008203,-0.00798,0.000868,0.26472
15.5525,0.977298,-0.209401,1.478826,-0.008703,-0.007766,0.000856,0.2606
15.6025,0.974194,-0.221919,1.477895,-0.007831,-0.007711,0.000759,0.25673
15.6525,0.970912,-0.234201,1.476964,-0.008145,-0.006972,0.000576,0.25316
15.7025,0.96747,-0.24624,1.476039,-0.00989,-0.006118,0.000318,0.2489
15.7525,0.963888,-0.258001,1.475127,-0.009843,-0.006273,1.4e-05,0.24428
15.8025,0.960162,-0.269485,1.474212,-0.008907,-0.006755,-0.000324,0.24012
15.8525,0.956285,-0.28071,1.473293,-0.009049,-0.006532,-0.000689,0.23635
15.9025,0.952262,-0.291674,1.47238,-0.010127,-0.005751,-0.001063,0.23215
15.9525,0.948109,-0.302357,1.47148,-0.009988,-0.006219,-0.001415,0.2278
16.0025,0.943816,-0.312762,1.470579,-0.00922,-0.007184,-0.001738,0.22399
16.0525,0.939364,-0.322905,1.469679,-0.009375,-0.006892,-0.002024,0.22057
16.1025,0.93476,-0.332782,1.468786,-0.01075,-0.005634,-0.00226,0.21664
16.1525,0.930031,-0.342367,1.467906,-0.010451,-0.005624,-0.002411,0.21239
16.2025,0.925178,-0.351667,1.467036,-0.008956,-0.00631,-0.00249,0.20882
16.2525,0.920189,-0.360715,1.46618,-0.008432,-0.006,-0.002508,0.20595
16.3025,0.915071,-0.369524,1.465343,-0.008977,-0.004849,-0.002456,0.20286
16.3525,0.909849,-0.378086,1.464536,-0.008671,-0.005098,-0.002312,0.19967
16.4025,0.904517,-0.386409,1.46376,-0.007883,-0.005816,-0.002096,0.19703
16.4525,0.899062,-0.394509,1.463017,-0.008144,-0.005666,-0.001824,0.19473
16.5025,0.893488,-0.40238,1.462318,-0.009397,-0.004694,-0.001504,0.19197
16.5525,0.887814,-0.409998,1.46168,-0.0096,-0.005,-0.001123,0.18887
16.6025,0.882035,-0.417358,1.461102,-0.008783,-0.005954,-0.000702,0.1863
16.6525,0.876129,-0.424477,1.460588,-0.008632,-0.005938,-0.000267,0.18429
16.7025,0.870099,-0.431358,1.460147,-0.009411,-0.005146,0.000158,0.18207
16.7525,0.863959,-0.437988,1.459785,-0.009804,-0.005562,0.00057,0.17971
16.8025,0.8577,-0.444356,1.459494,-0.009775,-0.006425,0.00095,0.17774
16.8525,0.851305,-0.450463,1.459275,-0.010106,-0.006194,0.00127,0.17609
16.9025,0.844781,-0.456302,1.459128,-0.010709,-0.005238,0.001534,0.17414
16.9525,0.838144,-0.461862,1.459058,-0.010382,-0.005715,0.001756,0.17226
17.0025,0.831387,-0.467149,1.45906,-0.009828,-0.006626,0.001907,0.17109
17.0525,0.824491,-0.472177,1.459137,-0.010133,-0.006239,0.001962,0.17032
17.1025,0.817466,-0.476939,1.459297,-0.010974,-0.004716,0.001919,0.16912
17.1525,0.810342,-0.481417,1.459533,-0.011524,-0.005005,0.00181,0.16763
17.2025,0.803116,-0.4856,1.459842,-0.011394,-0.006215,0.001631,0.16675
17.2525,0.795762,-0.489489,1.460227,-0.011318,-0.005892,0.001376,0.1664
17.3025,0.78829,-0.493087,1.460697,-0.011607,-0.00428,0.001064,0.16579
17.3525,0.780732,-0.496389,1.46125,-0.012221,-0.004436,0.00074,0.16491
17.4025,0.773086,-0.49938,1.461867,-0.012486,-0.005712,0.000412,0.1646
17.4525,0.765326,-0.502056,1.462544,-0.01243,-0.005571,5.9e-05,0.16488
17.5025,0.757458,-0.504419,1.463284,-0.012214,-0.004363,-0.000301,0.16505
17.5525,0.749503,-0.506474,1.464088,-0.012284,-0.005168,-0.000605,0.16531
17.6025,0.741444,-0.508221,1.464947,-0.012509,-0.006846,-0.000849,0.16652
17.6525,0.733246,-0.509655,1.465862,-0.012573,-0.006883,-0.00105,0.16845
17.7025,0.72491,-0.510777,1.466835,-0.012555,-0.005244,-0.001204,0.17017
17.7525,0.716467,-0.511584,1.467866,-0.01333,-0.005403,-0.001269,0.17163
17.8025,0.707917,-0.512063,1.468937,-0.014023,-0.006756,-0.001248,0.17378
17.8525,0.699231,-0.512197,1.47004,-0.013833,-0.006847,-0.001173,0.17657
17.9025,0.690408,-0.511993,1.471173,-0.01315,-0.005596,-0.001046,0.17926
17.9525,0.681473,-0.511466,1.472329,-0.013303,-0.006119,-0.000829,0.18185
18.0025,0.672415,-0.510613,1.473484,-0.014312,-0.007373,-0.00054,0.18518
18.0525,0.663208,-0.509413,1.474637,-0.014664,-0.007086,-0.000224,0.18908
18.1025,0.653861,-0.50786,1.475788,-0.014378,-0.005713,0.000115,0.19267
18.1525,0.644398,-0.505959,1.476929,-0.014847,-0.006351,0.000514,0.1962
18.2025,0.634808,-0.503699,1.478052,-0.01568,-0.00772,0.000945,0.20062
18.2525,0.625064,-0.501065,1.479165,-0.015759,-0.007349,0.001354,0.20563
18.3025,0.615173,-0.498056,1.48028,-0.015213,-0.0057,0.001729,0.21019
18.3525,0.605169,-0.494682,1.481383,-0.01546,-0.006027,0.002102,0.21447
18.4025,0.595048,-0.490941,1.482453,-0.01602,-0.007037,0.002447,0.21942
18.4525,0.584789,-0.486823,1.483497,-0.015565,-0.006559,0.002723,0.22473
18.5025,0.574405,-0.482341,1.48452,-0.01396,-0.004653,0.002925,0.22934
18.5525,0.563935,-0.47753,1.485526,-0.013648,-0.004637,0.00309,0.23333
18.6025,0.553382,-0.472399,1.486503,-0.01414,-0.005735,0.003211,0.2378
18.6525,0.542724,-0.466942,1.487448,-0.013585,-0.005316,0.003239,0.2426
18.7025,0.531974,-0.461173,1.488369,-0.012399,-0.003601,0.00317,0.24665
18.7525,0.521163,-0.455116,1.489266,-0.013051,-0.004242,0.003053,0.2504
18.8025,0.510281,-0.448759,1.490137,-0.014256,-0.005779,0.002896,0.2551
18.8525,0.499296,-0.442078,1.490988,-0.013806,-0.005188,0.002665,0.26026
18.9025,0.488223,-0.435086,1.491828,-0.012018,-0.003195,0.002376,0.26446
18.9525,0.4771,-0.427818,1.492655,-0.012139,-0.003893,0.002095,0.26809
19.0025,0.465916,-0.420276,1.49345,-0.013308,-0.005708,0.00182,0.27265
19.0525,0.454632,-0.412437,1.494222,-0.012675,-0.005256,0.001516,0.27774
19.1025,0.443261,-0.40432,1.49498,-0.010176,-0.002574,0.001197,0.28161
19.1525,0.431859,-0.395975,1.495727,-0.009855,-0.002397,0.00093,0.28435
19.2025,0.42043,-0.387414,1.496444,-0.011097,-0.004203,0.000735,0.28775
19.2525,0.408939,-0.378614,1.497136,-0.011071,-0.004456,0.000579,0.2919
19.3025,0.397381,-0.369576,1.497806,-0.009474,-0.00274,0.000466,0.29539
19.3525,0.385789,-0.360333,1.498457,-0.009548,-0.003231,0.000437,0.29827
19.4025,0.374152,-0.350885,1.499069,-0.010883,-0.005024,0.000489,0.30199
19.4525,0.362435,-0.341206,1.499653,-0.010405,-0.004896,0.000585,0.30632
19.5025,0.350641,-0.331311,1.500215,-0.008342,-0.003185,0.000733,0.30971
19.5525,0.338802,-0.321239,1.500757,-0.008418,-0.003647,0.000962,0.31243
19.6025,0.32691,-0.310993,1.501267,-0.009743,-0.005229,0.001264,0.31596
19.6525,0.314934,-0.300548,1.501746,-0.009099,-0.004814,0.001597,0.31992
19.7025,0.302882,-0.289919,1.502198,-0.007204,-0.003203,0.001958,0.32288
19.7525,0.290786,-0.279145,1.502639,-0.007671,-0.003991,0.002364,0.3254
19.8025,0.278629,-0.268218,1.503069,-0.00911,-0.005562,0.002789,0.32884
19.8525,0.266381,-0.25711,1.503494,-0.008434,-0.004637,0.003181,0.33267
19.9025,0.254065,-0.245838,1.503924,-0.005936,-0.001867,0.003535,0.33506
19.9525,0.241736,-0.234454,1.504354,-0.005846,-0.001711,0.003864,0.33636
20.0025,0.229403,-0.222963,1.504765,-0.007181,-0.003089,0.004162,0.33828
20.0525,0.217038,-0.21134,1.505171,-0.006741,-0.002606,0.004394,0.34067
20.1025,0.204653,-0.199595,1.505582,-0.004867,-0.000894,0.004551,0.34203
20.1525,0.192281,-0.187766,1.505995,-0.005786,-0.001759,0.004643,0.34299
20.2025,0.179904,-0.175833,1.506397,-0.007695,-0.003576,0.004668,0.34513
20.2525,0.167484,-0.163758,1.506792,-0.007021,-0.003198,0.004603,0.34786
20.3025,0.15503,-0.151558,1.507182,-0.004827,-0.001409,0.004448,0.34944
20.3525,0.142577,-0.139275,1.507564,-0.005247,-0.002195,0.004231,0.35046
20.4025,0.130108,-0.126904,1.507932,-0.00673,-0.003935,0.003969,0.35247
20.4525,0.117589,-0.114417,1.508293,-0.005755,-0.003403,0.003657,0.35489
20.5025,0.105033,-0.101836,1.508654,-0.002756,-0.000926,0.003313,0.35589
20.5525,0.092489,-0.089226,1.509022,-0.00223,-0.000898,0.002965,0.35569
20.6025,0.079963,-0.076601,1.509375,-0.003427,-0.002291,0.00263,0.35602
20.6525,0.067425,-0.063939,1.509722,-0.002883,-0.001838,0.00231,0.35681
20.7025,0.054888,-0.051255,1.510082,-0.000679,0.000114,0.00203,0.35646
20.7525,0.04239,-0.038591,1.510441,-0.001039,-0.000336,0.001808,0.35543
20.8025,0.029924,-0.025943,1.510782,-0.002639,-0.001803,0.001657,0.35527
20.8525,0.017458,-0.013279,1.511117,-0.002048,-0.001189,0.001573,0.35558
20.9025,0.00501,-0.000613,1.511457,0.000522,0.001052,0.001564,0.35463
20.9525,-0.007378,0.012002,1.511803,0.000704,0.000526,0.001625,0.35276
21.0025,-0.019716,0.024562,1.512131,-0.000939,-0.001623,0.001765,0.35181
21.0525,-0.032048,0.037097,1.512454,-0.000764,-0.001938,0.001978,0.3517
21.1025,-0.044382,0.049602,1.512771,0.001363,-0.000416,0.002253,0.35077
21.1525,-0.056691,0.062037,1.513081,0.00109,-0.001268,0.002575,0.34928
21.2025,-0.068993,0.074405,1.513365,-0.000543,-0.003235,0.002943,0.34881
21.2525,-0.081328,0.08674,1.513634,-0.000355,-0.002927,0.003346,0.34902
21.3025,-0.093689,0.099038,1.513897,0.001002,-0.001099,0.003764,0.34835
21.3525,-0.106043,0.111275,1.514148,0.000355,-0.001864,0.004176,0.34731
21.4025,-0.118403,0.123462,1.514374,-0.001086,-0.003582,0.004574,0.34725
21.4525,-0.130805,0.135629,1.514582,-0.000586,-0.002926,0.00494,0.34768
21.5025,-0.143232,0.147764,1.514782,0.001953,-0.000354,0.00527,0.34681
21.5525,-0.155632,0.159814,1.514979,0.002268,-0.000322,0.005533,0.34486
21.6025,-0.168003,0.171771,1.515152,0.001047,-0.001849,0.005725,0.34352
21.6525,-0.180373,0.183658,1.515307,0.001325,-0.001669,0.005842,0.34274
21.7025,-0.192739,0.195468,1.515455,0.003072,5.2e-05,0.005878,0.34106
21.7525,-0.205068,0.207168,1.515591,0.002715,-0.000417,0.005824,0.33887
21.8025,-0.217368,0.218763,1.515702,0.001458,-0.001822,0.005694,0.33745
21.8525,-0.229667,0.230279,1.515796,0.002007,-0.001209,0.005495,0.33644
21.9025,-0.24195,0.241701,1.515877,0.004528,0.00121,0.005235,0.33419
21.9525,-0.254168,0.252978,1.515951,0.005149,0.001066,0.004898,0.33088
22.0025,-0.266323,0.264095,1.515997,0.004227,-0.000784,0.00452,0.32817
22.0525,-0.278453,0.275068,1.516024,0.004296,-0.00085,0.004135,0.3261
22.1025,-0.290558,0.285895,1.516037,0.005736,0.000852,0.003754,0.32334
22.1525,-0.302607,0.296548,1.516034,0.006014,0.000511,0.003376,0.31999
22.2025,-0.314605,0.307021,1.515995,0.005288,-0.000746,0.003029,0.31717
22.2525,-0.326578,0.317325,1.515929,0.005808,-0.000381,0.002742,0.31468
22.3025,-0.338518,0.327451,1.515847,0.007215,0.001172,0.002523,0.31135
22.3525,-0.350394,0.33737,1.515744,0.006992,0.000469,0.002362,0.30767
22.4025,-0.362221,0.347085,1.515607,0.006186,-0.000986,0.002272,0.30474
22.4525,-0.374029,0.356613,1.515443,0.007072,-0.000471,0.002274,0.30213
22.5025,-0.385806,0.365933,1.515257,0.009154,0.001517,0.002366,0.29841
22.5525,-0.397512,0.375002,1.515047,0.00945,0.001235,0.002519,0.29397
22.6025,-0.409151,0.383812,1.51481,0.00852,-0.000187,0.002735,0.29016
22.6525,-0.420752,0.392382,1.51455,0.008583,0.000226,0.003032,0.28685
22.7025,-0.432305,0.40071,1.514274,0.009814,0.002131,0.003399,0.28276
22.7525,-0.443773,0.408774,1.513981,0.009817,0.001916,0.003791,0.27815
22.8025,-0.455158,0.416572,1.513659,0.008943,0.000714,0.004207,0.27414
22.8525,-0.466484,0.424125,1.513312,0.008999,0.001363,0.004644,0.27051
22.9025,-0.477734,0.431429,1.512942,0.010222,0.003556,0.005082,0.26602
22.9525,-0.488865,0.438461,1.512556,0.010614,0.003419,0.00547,0.26087
23.0025,-0.499878,0.445213,1.512138,0.010131,0.001795,0.005805,0.25629
23.0525,-0.510807,0.451695,1.511691,0.010084,0.001836,0.006098,0.25229
23.1025,-0.52165,0.457906,1.511223,0.01097,0.003336,0.006336,0.24776
23.1525,-0.53238,0.463831,1.510733,0.011186,0.002644,0.00647,0.24297
23.2025,-0.543011,0.469464,1.510207,0.010846,0.000953,0.006513,0.23891
23.2525,-0.553579,0.474813,1.509645,0.010942,0.000935,0.006493,0.23544
23.3025,-0.564086,0.479876,1.509057,0.011465,0.001949,0.006405,0.23161
23.3525,-0.574513,0.484643,1.50845,0.011578,0.001619,0.006224,0.22768
23.4025,-0.584866,0.489113,1.507825,0.011389,0.000916,0.00597,0.22416
23.4525,-0.595159,0.493289,1.50719,0.011354,0.001462,0.005667,0.22087
23.5025,-0.605381,0.497172,1.506564,0.011878,0.002497,0.005319,0.21717
23.5525,-0.615511,0.500753,1.505924,0.01226,0.001854,0.004912,0.21344
23.6025,-0.625562,0.504022,1.505275,0.012384,0.001001,0.004487,0.21025
23.6525,-0.635552,0.506979,1.504619,0.012555,0.001872,0.004087,0.20726
23.7025,-0.64546,0.509618,1.503964,0.012865,0.003823,0.00372,0.2036
23.7525,-0.655246,0.511934,1.503308,0.013376,0.004171,0.003361,0.19951
23.8025,-0.664899,0.513915,1.502638,0.013808,0.003737,0.003041,0.19565
23.8525,-0.674427,0.515554,1.501966,0.013809,0.004312,0.002806,0.19199
23.9025,-0.683815,0.51685,1.501302,0.013518,0.005757,0.002659,0.18797
23.9525,-0.693036,0.517811,1.500631,0.013462,0.005453,0.002571,0.18392
24.0025,-0.702096,0.518439,1.499942,0.013561,0.004233,0.002553,0.18053
24.0525,-0.71102,0.518735,1.499251,0.013127,0.004236,0.002639,0.17776
24.1025,-0.719808,0.518709,1.498558,0.012595,0.005166,0.002826,0.17486
24.1525,-0.728446,0.518374,1.497861,0.012933,0.004349,0.003074,0.17216
24.2025,-0.73695,0.517723,1.497161,0.013524,0.002945,0.003383,0.17035
24.2525,-0.745352,0.516745,1.496454,0.013654,0.003133,0.003766,0.16919
24.3025,-0.753646,0.515435,1.495754,0.013825,0.00414,0.00419,0.16785
24.3525,-0.761816,0.51379,1.495058,0.014776,0.003373,0.0046,0.16682
24.4025,-0.769877,0.51179,1.494353,0.015385,0.002173,0.005006,0.16678
24.4525,-0.777853,0.509423,1.493643,0.01486,0.002595,0.005421,0.1673
24.5025,-0.785737,0.5067,1.492941,0.014036,0.003929,0.005813,0.16745
24.5525,-0.793502,0.50364,1.492249,0.014676,0.003678,0.006129,0.16764
24.6025,-0.801151,0.50023,1.491556,0.015845,0.002564,0.006361,0.16873
24.6525,-0.808708,0.496446,1.490866,0.015592,0.002838,0.006534,0.17051
24.7025,-0.816168,0.492295,1.490176,0.014571,0.00391,0.006632,0.17202
24.7525,-0.823508,0.487799,1.489483,0.014866,0.003909,0.00663,0.1735
24.8025,-0.830729,0.482952,1.488787,0.015648,0.003456,0.006535,0.17559
24.8525,-0.837836,0.477742,1.488095,0.014812,0.004252,0.006379,0.17797
24.9025,-0.844814,0.472188,1.487408,0.013426,0.005265,0.006157,0.17977
24.9525,-0.851643,0.46632,1.486709,0.013685,0.004932,0.005847,0.18153
25.0025,-0.858327,0.460136,1.486008,0.014307,0.004513,0.005478,0.1839
25.0525,-0.864875,0.453627,1.485309,0.013115,0.005049,0.005075,0.18645
25.1025,-0.871277,0.446819,1.484612,0.011391,0.005956,0.004645,0.18828
25.1525,-0.877514,0.439751,1.483908,0.011468,0.005893,0.004194,0.18987
25.2025,-0.883586,0.432426,1.483205,0.011888,0.005536,0.003751,0.19187
25.2525,-0.8895,0.424836,1.482506,0.0108,0.005859,0.003338,0.19398
25.3025,-0.895251,0.417008,1.481811,0.009289,0.006419,0.002965,0.19545
25.3525,-0.900829,0.408975,1.481108,0.009905,0.005775,0.00263,0.19687
25.4025,-0.906247,0.400724,1.48041,0.011042,0.004749,0.002364,0.19913
25.4525,-0.91153,0.392233,1.479708,0.010262,0.004532,0.002192,0.20181
25.5025,-0.916684,0.383521,1.479016,0.009093,0.004775,0.002116,0.20397
25.5525,-0.921705,0.374609,1.47833,0.009967,0.004427,0.002121,0.2062
25.6025,-0.926601,0.365482,1.477645,0.010962,0.003972,0.002211,0.20911
25.6525,-0.931383,0.356122,1.476964,0.009632,0.004104,0.002388,0.21212
25.7025,-0.936048,0.346558,1.476293,0.008148,0.004318,0.002645,0.2143
25.7525,-0.940593,0.336819,1.475627,0.009231,0.003906,0.002962,0.21652
25.8025,-0.945028,0.326886,1.474969,0.010475,0.00351,0.003329,0.21951
25.8525,-0.94936,0.316735,1.474312,0.009279,0.003794,0.00373,0.22266
25.9025,-0.953584,0.306392,1.473668,0.007345,0.004378,0.004146,0.22482
25.9525,-0.957688,0.295898,1.473035,0.008021,0.004548,0.004554,0.22669
26.0025,-0.961666,0.28524,1.472403,0.009329,0.004717,0.00494,0.22915
26.0525,-0.965513,0.274395,1.471771,0.008269,0.005503,0.005287,0.23173
26.1025,-0.969212,0.263385,1.471156,0.006714,0.006435,0.005572,0.23338
26.1525,-0.972742,0.252242,1.47055,0.007652,0.006702,0.005779,0.23489
26.2025,-0.976096,0.240949,1.469949,0.008876,0.00689,0.005907,0.23707
26.2525,-0.979268,0.229482,1.469356,0.007577,0.007418,0.005953,0.23932
26.3025,-0.982248,0.217867,1.468787,0.006361,0.007676,0.005914,0.24076
26.3525,-0.985032,0.20613,1.468235,0.00777,0.006975,0.005786,0.24239
26.4025,-0.987634,0.194244,1.467706,0.00883,0.006299,0.00558,0.24492
26.4525,-0.990071,0.182187,1.467198,0.006841,0.006156,0.005305,0.24736
26.5025,-0.992349,0.170005,1.466734,0.004274,0.006168,0.004969,0.24851
26.5525,-0.994467,0.157752,1.46631,0.004772,0.006053,0.00458,0.24922
26.6025,-0.99643,0.145422,1.465929,0.005931,0.005944,0.00415,0.25054
26.6525,-0.998239,0.132993,1.465586,0.004501,0.006352,0.003695,0.25191
26.7025,-0.999887,0.120497,1.465295,0.002686,0.006512,0.00324,0.25227
26.7525,-1.00137,0.10797,1.465047,0.003694,0.006077,0.002803,0.25251
26.8025,-1.002699,0.095394,1.464842,0.004907,0.00591,0.002401,0.25352
26.8525,-1.003878,0.082745,1.464679,0.003381,0.006303,0.00204,0.25453
26.9025,-1.004897,0.070056,1.464571,0.001699,0.006709,0.001729,0.25455
26.9525,-1.00575,0.057362,1.464512,0.002552,0.006628,0.001486,0.25446
27.0025,-1.006438,0.044647,1.464501,0.003415,0.006211,0.001322,0.25496
27.0525,-1.006971,0.031897,1.46454,0.001662,0.00605,0.001244,0.25537
27.1025,-1.007353,0.019148,1.46465,-0.000283,0.006259,0.001251,0.25467
27.1525,-1.00758,0.006442,1.464823,0.000545,0.006691,0.001343,0.25377
27.2025,-1.007641,-0.006235,1.465055,0.001773,0.006926,0.001515,0.25355
27.2525,-1.007535,-0.018909,1.465349,0.000599,0.006425,0.00176,0.25346
27.3025,-1.00727,-0.031554,1.465719,-0.000851,0.006272,0.002061,0.25257
27.3525,-1.00685,-0.044143,1.466156,0.000277,0.006913,0.002399,0.25166
27.4025,-1.006262,-0.056696,1.466669,0.001561,0.007554,0.002757,0.25157
27.4525,-1.005491,-0.06924,1.467255,0.000232,0.00754,0.003123,0.25159
27.5025,-1.004538,-0.081748,1.467927,-0.001164,0.007623,0.003481,0.25079
27.5525,-1.003399,-0.094191,1.468658,-0.000142,0.008195,0.003817,0.24997
27.6025,-1.002064,-0.106588,1.469443,0.000764,0.008637,0.004106,0.24987
27.6525,-1.000522,-0.118957,1.470273,-0.000716,0.008554,0.004338,0.24972
27.7025,-0.998775,-0.131266,1.471159,-0.002399,0.008469,0.004502,0.24871
27.7525,-0.996825,-0.14348,1.47209,-0.00171,0.008974,0.004592,0.24753
27.8025,-0.994661,-0.155612,1.473051,-0.000661,0.009504,0.004607,0.24701
27.8525,-0.992274,-0.167681,1.474033,-0.001812,0.009103,0.004547,0.24661
27.9025,-0.989671,-0.179666,1.475036,-0.003132,0.008608,0.004406,0.24546
27.9525,-0.986865,-0.191537,1.476039,-0.002663,0.008926,0.00419,0.24419
28.0025,-0.98385,-0.203302,1.477041,-0.002307,0.009134,0.003907,0.24335
28.0525,-0.980623,-0.214968,1.478042,-0.003662,0.008439,0.003571,0.24235
28.1025,-0.9772,-0.226506,1.479045,-0.004469,0.00778,0.003184,0.24067
28.1525,-0.973596,-0.237901,1.480027,-0.003571,0.007851,0.002763,0.23907
28.2025,-0.969813,-0.249169,1.480991,-0.003165,0.007934,0.002317,0.23801
28.2525,-0.965849,-0.260317,1.48195,-0.005074,0.006976,0.001878,0.23665
28.3025,-0.961728,-0.271305,1.482919,-0.006426,0.006046,0.001458,0.23426
28.3525,-0.957469,-0.282105,1.483872,-0.005609,0.006227,0.001069,0.23176
28.4025,-0.953072,-0.292732,1.484817,-0.004941,0.006631,0.000722,0.2299
28.4525,-0.948529,-0.303198,1.485758,-0.006458,0.005712,0.000438,0.22789
28.5025,-0.943861,-0.313471,1.486695,-0.007953,0.004823,0.000212,0.22491
28.5525,-0.939087,-0.323521,1.487614,-0.0077,0.004921,5.7e-05,0.22167
28.6025,-0.934209,-0.333349,1.48852,-0.007398,0.004996,-1.3e-05,0.21876
28.6525,-0.929226,-0.342961,1.489416,-0.008649,0.004219,6e-06,0.21569
28.7025,-0.924154,-0.35233,1.490317,-0.009673,0.004175,9.4e-05,0.21193
28.7525,-0.918992,-0.361436,1.491197,-0.009007,0.005507,0.000246,0.20836
28.8025,-0.913714,-0.370291,1.492063,-0.008398,0.006457,0.00047,0.20559
28.8525,-0.908297,-0.378909,1.492921,-0.00942,0.005787,0.000759,0.20292
28.9025,-0.902757,-0.387268,1.493774,-0.010516,0.005042,0.001076,0.19957
28.9525,-0.897108,-0.395346,1.494604,-0.010089,0.005491,0.0014,0.19619
29.0025,-0.891344,-0.403152,1.495407,-0.009427,0.005998,0.001732,0.19338
29.0525,-0.885454,-0.410699,1.496185,-0.00987,0.005354,0.002068,0.1908
29.1025,-0.879451,-0.417979,1.496956,-0.010606,0.00496,0.002365,0.18784
29.1525,-0.873344,-0.424979,1.497692,-0.010323,0.005776,0.002602,0.185
29.2025,-0.867116,-0.431703,1.498393,-0.009886,0.006435,0.002786,0.1828
29.2525,-0.860754,-0.438163,1.499063,-0.010159,0.005777,0.002926,0.18083
29.3025,-0.854271,-0.444352,1.49971,-0.01047,0.005457,0.002995,0.17865
29.3525,-0.847673,-0.450268,1.500333,-0.009732,0.006199,0.002989,0.17683
29.4025,-0.840946,-0.455925,1.500933,-0.009194,0.006567,0.002921,0.17569
29.4525,-0.834083,-0.461338,1.501508,-0.009568,0.005385,0.002799,0.17461
29.5025,-0.827111,-0.466498,1.502064,-0.010156,0.004332,0.00261,0.173
29.5525,-0.820051,-0.471393,1.502591,-0.010353,0.005195,0.002343,0.1714
29.6025,-0.812887,-0.47602,1.50309,-0.010511,0.006117,0.002024,0.17042
29.6525,-0.8056,-0.480374,1.503556,-0.010963,0.005149,0.001686,0.16958
29.7025,-0.79821,-0.484445,1.503999,-0.011557,0.004541,0.001314,0.16836
29.7525,-0.790729,-0.488221,1.504417,-0.011872,0.005811,0.000905,0.16742
29.8025,-0.78313,-0.491696,1.504813,-0.011817,0.006676,0.000495,0.16731
29.8525,-0.775396,-0.494869,1.505193,-0.011848,0.00566,0.000124,0.16742
29.9025,-0.767546,-0.497741,1.505568,-0.012541,0.005068,-0.000213,0.16724
29.9525,-0.759593,-0.500298,1.505923,-0.01314,0.006156,-0.000534,0.16735
30.0025,-0.751516,-0.502525,1.506266,-0.013405,0.006743,-0.000806,0.16819
30.0525,-0.743303,-0.504419,1.506594,-0.01336,0.005512,-0.001004,0.16918
30.1025,-0.73498,-0.505979,1.506925,-0.013314,0.004751,-0.001148,0.16983
30.1525,-0.726561,-0.507208,1.50724,-0.013416,0.006004,-0.001262,0.17089
30.2025,-0.718023,-0.508105,1.507536,-0.013421,0.00681,-0.001314,0.17286
30.2525,-0.709349,-0.508673,1.507824,-0.013054,0.005617,-0.001286,0.17499
30.3025,-0.700563,-0.508917,1.508119,-0.013237,0.005164,-0.001216,0.17681
30.3525,-0.691673,-0.508836,1.508396,-0.014166,0.006614,-0.001124,0.17916
30.4025,-0.682651,-0.50841,1.508657,-0.014361,0.007243,-0.000978,0.18239
30.4525,-0.673485,-0.507636,1.508912,-0.013624,0.005545,-0.000772,0.1856
30.5025,-0.664211,-0.50653,1.509177,-0.013378,0.004303,-0.000544,0.18808
30.5525,-0.654855,-0.505098,1.509427,-0.014457,0.005367,-0.00033,0.19079
30.6025,-0.645398,-0.503317,1.509663,-0.015466,0.006323,-0.000107,0.19442
30.6525,-0.635822,-0.501165,1.50989,-0.015321,0.004933,0.000149,0.19823
30.7025,-0.626154,-0.498645,1.510125,-0.015066,0.004091,0.000387,0.2015
30.7525,-0.616411,-0.495763,1.510345,-0.015623,0.005405,0.000561,0.20515
30.8025,-0.606569,-0.492509,1.51055,-0.016058,0.006291,0.0007,0.20973
30.8525,-0.59661,-0.488874,1.510748,-0.015405,0.004744,0.000823,0.21432
30.9025,-0.586564,-0.484873,1.51095,-0.014842,0.004017,0.000887,0.21823
30.9525,-0.576448,-0.48052,1.511129,-0.015414,0.005338,0.000862,0.2225
31.0025,-0.566236,-0.475804,1.51129,-0.015718,0.006077,0.000785,0.2276
31.0525,-0.555913,-0.470723,1.511438,-0.014207,0.004155,0.000691,0.23246
31.1025,-0.545521,-0.46531,1.51159,-0.012952,0.00285,0.000539,0.23616
31.1525,-0.535087,-0.459594,1.51172,-0.013491,0.004174,0.000296,0.23992
31.2025,-0.524584,-0.453567,1.511825,-0.014093,0.005399,8e-06,0.24461
31.2525,-0.513988,-0.447218,1.51191,-0.013317,0.004333,-0.000289,0.24939
31.3025,-0.503319,-0.440563,1.511993,-0.012931,0.003977,-0.000624,0.25359
31.3525,-0.492581,-0.433611,1.512049,-0.013611,0.005647,-0.001004,0.25823
31.4025,-0.481742,-0.426351,1.512083,-0.013685,0.006552,-0.001368,0.2637
31.4525,-0.470783,-0.418785,1.512097,-0.011853,0.004592,-0.001678,0.26878
31.5025,-0.459745,-0.410953,1.51211,-0.010212,0.002981,-0.001956,0.27239
31.5525,-0.448664,-0.402893,1.512107,-0.010703,0.00423,-0.002227,0.27584
31.6025,-0.437515,-0.394598,1.512074,-0.011255,0.005289,-0.002449,0.28011
31.6525,-0.426278,-0.38606,1.512018,-0.010274,0.003946,-0.0026,0.28427
31.7025,-0.414978,-0.377297,1.511953,-0.009924,0.003498,-0.002705,0.28768
31.7525,-0.403624,-0.368318,1.511856,-0.010849,0.005166,-0.002777,0.29152
31.8025,-0.392181,-0.359106,1.511733,-0.011084,0.005863,-0.002774,0.29615
31.8525,-0.380639,-0.349659,1.511588,-0.009209,0.003599,-0.002675,0.30024
31.9025,-0.369043,-0.340017,1.511443,-0.007991,0.002399,-0.002521,0.3029
31.9525,-0.35742,-0.330206,1.511268,-0.009116,0.003935,-0.002345,0.30571
32.0025,-0.345739,-0.320208,1.511071,-0.009722,0.004958,-0.002128,0.30948
32.0525,-0.333981,-0.310011,1.510844,-0.007876,0.00327,-0.001861,0.31291
32.1025,-0.322179,-0.299654,1.510606,-0.006742,0.002543,-0.001579,0.31515
32.1525,-0.310348,-0.289163,1.510335,-0.00774,0.004075,-0.001314,0.31761
32.2025,-0.298457,-0.278519,1.510033,-0.008362,0.005039,-0.001052,0.32096
32.2525,-0.286488,-0.267712,1.509702,-0.006801,0.003219,-0.00079,0.32402
32.3025,-0.274478,-0.256774,1.50936,-0.005661,0.001822,-0.000564,0.32576
32.3525,-0.262457,-0.24573,1.508991,-0.006734,0.003112,-0.000411,0.32753
32.4025,-0.2504,-0.234558,1.508598,-0.007688,0.003996,-0.000314,0.33023
32.4525,-0.238292,-0.223242,1.508184,-0.006318,0.002104,-0.000257,0.33267
32.5025,-0.22617,-0.211808,1.507766,-0.005787,0.001287,-0.000262,0.33403
32.5525,-0.21405,-0.200267,1.507317,-0.007413,0.002882,-0.000349,0.33584
32.6025,-0.201902,-0.188585,1.506841,-0.0083,0.003619,-0.00049,0.33867
32.6525,-0.189712,-0.176746,1.506331,-0.0065,0.001525,-0.000673,0.34111
32.7025,-0.177523,-0.164787,1.505816,-0.005173,0.000148,-0.000914,0.34209
32.7525,-0.165364,-0.152737,1.50527,-0.006226,0.001605,-0.001224,0.34314
32.8025,-0.153206,-0.140576,1.504701,-0.007063,0.002859,-0.001576,0.34518
32.8525,-0.141025,-0.128291,1.504123,-0.005494,0.001484,-0.001939,0.34706
32.9025,-0.128844,-0.11591,1.503556,-0.004632,0.001202,-0.002299,0.34796
32.9525,-0.116669,-0.103454,1.502972,-0.005889,0.003183,-0.002663,0.34934
33.0025,-0.104459,-0.090899,1.502381,-0.006208,0.004119,-0.003,0.35168
33.0525,-0.092195,-0.078241,1.501789,-0.003682,0.001934,-0.003295,0.3534
33.1025,-0.079921,-0.065535,1.501206,-0.001882,0.000729,-0.003546,0.35346
33.1525,-0.067663,-0.052821,1.500614,-0.002571,0.002296,-0.003762,0.35349
33.2025,-0.055391,-0.040088,1.500026,-0.003069,0.003372,-0.003917,0.35436
33.2525,-0.043083,-0.027329,1.499437,-0.00147,0.001881,-0.004001,0.35495
33.3025,-0.030767,-0.014575,1.49886,-0.000825,0.001531,-0.004012,0.35457
33.3525,-0.018449,-0.00184,1.498273,-0.002306,0.003358,-0.003958,0.35472
33.4025,-0.006091,0.010905,1.49769,-0.002866,0.004137,-0.003832,0.35585
33.4525,0.006321,0.02367,1.497103,-0.001052,0.00232,-0.003639,0.3565
33.5025,0.018752,0.036421,1.496524,-0.000488,0.001994,-0.003382,0.35614
33.5525,0.031195,0.049144,1.49594,-0.00187,0.003687,-0.003099,0.35628
33.6025,0.043685,0.061866,1.495361,-0.002229,0.004273,-0.002792,0.3573
33.6525,0.056232,0.074593,1.494777,4.5e-05,0.002056,-0.002473,0.35767
33.7025,0.06879,0.087278,1.494211,0.001444,0.000899,-0.002149,0.35653
33.7525,0.081334,0.099889,1.493644,0.000311,0.002161,-0.001842,0.35548
33.8025,0.093888,0.112448,1.493082,-0.000337,0.002667,-0.001558,0.35525
33.8525,0.106459,0.124967,1.492519,0.001516,0.0004,-0.001324,0.35448
33.9025,0.119,0.137408,1.491971,0.002561,-0.000751,-0.001142,0.35236
33.9525,0.131488,0.149748,1.49142,0.0017,0.000629,-0.001023,0.35036
34.0025,0.143947,0.162002,1.490876,0.001336,0.001218,-0.000976,0.34909
34.0525,0.156389,0.174178,1.490331,0.003018,-0.001051,-0.001006,0.34731
34.1025,0.168766,0.186239,1.489809,0.004236,-0.002441,-0.001099,0.34413
34.1525,0.181048,0.19816,1.489288,0.003438,-0.000934,-0.001255,0.34099
34.2025,0.193266,0.209956,1.488768,0.002724,0.000394,-0.001478,0.3388
34.2525,0.205448,0.221641,1.488248,0.004017,-0.000779,-0.001769,0.33654
34.3025,0.217572,0.233189,1.487743,0.004641,-0.001,-0.002099,0.33349
34.3525,0.229637,0.244588,1.487235,0.003764,0.000819,-0.002464,0.33089
34.4025,0.241679,0.255855,1.486736,0.003417,0.001492,-0.002857,0.32912
34.4525,0.253712,0.266994,1.486242,0.005047,-0.000417,-0.003261,0.32685
34.5025,0.265698,0.277976,1.48576,0.005642,-0.000809,-0.003636,0.32363
34.5525,0.277628,0.288785,1.48527,0.004834,0.000572,-0.003979,0.32076
34.6025,0.289531,0.299438,1.484777,0.004765,0.000983,-0.004294,0.31852
34.6525,0.301412,0.309934,1.48428,0.006336,-0.001069,-0.004575,0.3157
34.7025,0.313231,0.320241,1.4838,0.00728,-0.001621,-0.004773,0.31181
34.7525,0.324976,0.330339,1.483311,0.006675,0.000232,-0.004881,0.30823
34.8025,0.336686,0.340239,1.482821,0.00625,0.001259,-0.004916,0.30554
34.8525,0.348381,0.349948,1.482324,0.00767,-0.000559,-0.004891,0.3026
34.9025,0.360025,0.359438,1.481831,0.009001,-0.001605,-0.004775,0.29846
34.9525,0.371597,0.36868,1.481329,0.008617,-7.7e-05,-0.004567,0.29438
35.0025,0.383127,0.37768,1.480826,0.008074,0.000935,-0.004296,0.29114
35.0525,0.394635,0.386448,1.480321,0.009066,-0.000793,-0.003993,0.28777
35.1025,0.406087,0.394966,1.47983,0.010017,-0.001938,-0.003643,0.28336
35.1525,0.417459,0.403213,1.479336,0.009492,-0.00074,-0.003255,0.27902
35.2025,0.428773,0.411202,1.478846,0.008791,-0.000108,-0.002874,0.27543
35.2525,0.440043,0.418945,1.478349,0.009507,-0.001623,-0.002529,0.27173
35.3025,0.451238,0.426429,1.477855,0.010347,-0.002211,-0.002197,0.26724
35.3525,0.462347,0.433638,1.477349,0.010053,-0.00076,-0.001887,0.263
35.4025,0.473399,0.440578,1.476836,0.00966,-8.8e-05,-0.001645,0.25949
35.4525,0.484408,0.447256,1.476325,0.010327,-0.001464,-0.001496,0.25583
35.5025,0.495348,0.453659,1.475823,0.010892,-0.001885,-0.00141,0.25157
35.5525,0.50621,0.459776,1.475314,0.010663,-0.00061,-0.001385,0.24761
35.6025,0.517019,0.465612,1.47481,0.010559,-0.000158,-0.001448,0.24425
35.6525,0.527785,0.471168,1.474311,0.011096,-0.001594,-0.001613,0.24065
35.7025,0.53848,0.476435,1.473824,0.011609,-0.001776,-0.001842,0.2366
35.7525,0.549099,0.481401,1.47333,0.01181,-0.000756,-0.002127,0.23284
35.8025,0.559663,0.486063,1.472833,0.01188,-0.000708,-0.002484,0.22949
35.8525,0.570171,0.490418,1.472332,0.012033,-0.002508,-0.002904,0.2258
35.9025,0.580585,0.494464,1.471843,0.012093,-0.003211,-0.00333,0.22153
35.9525,0.590891,0.498202,1.471343,0.01199,-0.002282,-0.003742,0.21752
36.0025,0.601105,0.501635,1.470835,0.01191,-0.00204,-0.004151,0.21402
36.0525,0.61123,0.504765,1.470332,0.011847,-0.003562,-0.004562,0.2103
36.1025,0.621239,0.507595,1.46983,0.012062,-0.003715,-0.004913,0.20624
36.1525,0.631126,0.51012,1.469316,0.01249,-0.002661,-0.005187,0.20256
36.2025,0.640912,0.512333,1.468805,0.012344,-0.002568,-0.005399,0.19936
36.2525,0.650598,0.514238,1.468306,0.011792,-0.004376,-0.00555,0.1959
36.3025,0.660148,0.515847,1.467822,0.01182,-0.004944,-0.005608,0.19195
36.3525,0.669549,0.517161,1.467343,0.012355,-0.003645,-0.00556,0.18837
36.4025,0.678828,0.518169,1.466874,0.0127,-0.003013,-0.005437,0.18553
36.4525,0.687998,0.518865,1.46641,0.012619,-0.004048,-0.005257,0.18273
36.5025,0.69704,0.519249,1.465967,0.012935,-0.004181,-0.004998,0.17977
36.5525,0.705952,0.519314,1.465535,0.013564,-0.003357,-0.004667,0.17726
36.6025,0.714751,0.51905,1.465119,0.01334,-0.003204,-0.004291,0.17531
36.6525,0.723438,0.518462,1.46472,0.012301,-0.004406,-0.003889,0.1733
36.7025,0.731992,0.517571,1.464353,0.012431,-0.004823,-0.003464,0.17102
36.7525,0.740401,0.516378,1.46401,0.013511,-0.004208,-0.003028,0.16913
36.8025,0.748679,0.514858,1.463693,0.014392,-0.004025,-0.002614,0.16786
36.8525,0.756829,0.512993,1.463408,0.014236,-0.004811,-0.002244,0.16675
36.9025,0.764836,0.510784,1.463168,0.014656,-0.004665,-0.001912,0.16576
36.9525,0.772706,0.508221,1.462972,0.01586,-0.003669,-0.001632,0.16558
37.0025,0.780458,0.505278,1.462827,0.016469,-0.003368,-0.001438,0.1663
37.0525,0.788099,0.501944,1.462735,0.015686,-0.004682,-0.001352,0.16714
37.1025,0.795603,0.498235,1.462707,0.015503,-0.005122,-0.001347,0.16774
37.1525,0.802959,0.494155,1.462733,0.016248,-0.00436,-0.001412,0.16893
37.2025,0.810184,0.489691,1.462811,0.016217,-0.00397,-0.001574,0.17091
37.2525,0.817286,0.484847,1.462948,0.014817,-0.004625,-0.001831,0.17294
37.3025,0.824252,0.479653,1.463155,0.014446,-0.004578,-0.002153,0.17481
37.3525,0.831086,0.474118,1.463429,0.015176,-0.003812,-0.002519,0.17725
37.4025,0.837802,0.468231,1.463776,0.015007,-0.003512,-0.002926,0.18034
37.4525,0.844407,0.461999,1.464203,0.013372,-0.004338,-0.003362,0.18323
37.5025,0.850885,0.455455,1.464713,0.012934,-0.004333,-0.003789,0.18568
37.5525,0.857237,0.448612,1.465293,0.013708,-0.003239,-0.004183,0.18867
37.6025,0.863487,0.441458,1.465946,0.013439,-0.002852,-0.00455,0.19226
37.6525,0.869644,0.434001,1.466672,0.011515,-0.003423,-0.004873,0.19549
37.7025,0.875696,0.426282,1.467469,0.011118,-0.003483,-0.005124,0.19816
37.7525,0.881644,0.418313,1.468326,0.012136,-0.00316,-0.005287,0.2012
37.8025,0.887492,0.410075,1.469245,0.011676,-0.003468,-0.005374,0.20454
37.8525,0.893233,0.401583,1.470214,0.009162,-0.004699,-0.005384,0.20711
37.9025,0.89884,0.392891,1.471253,0.008289,-0.005344,-0.005303,0.20867
37.9525,0.904299,0.384019,1.472344,0.009368,-0.004977,-0.005128,0.21039
38.0025,0.909617,0.374949,1.473474,0.009758,-0.004771,-0.004877,0.21266
38.0525,0.914799,0.365675,1.474627,0.008182,-0.005247,-0.004562,0.21465
38.1025,0.919835,0.356228,1.475785,0.007942,-0.005373,-0.004186,0.21606
38.1525,0.924724,0.346615,1.476927,0.009291,-0.005203,-0.003758,0.2179
38.2025,0.929469,0.336808,1.478067,0.009389,-0.005133,-0.003294,0.22025
38.2525,0.934071,0.326809,1.479197,0.007739,-0.00541,-0.002821,0.22224
38.3025,0.938526,0.316649,1.480321,0.007976,-0.005333,-0.002357,0.22382
38.3525,0.942837,0.306324,1.481423,0.009705,-0.00504,-0.001917,0.22606
38.4025,0.94701,0.2958,1.48251,0.009714,-0.005138,-0.00152,0.22889
38.4525,0.951041,0.285078,1.483584,0.007313,-0.005874,-0.001188,0.23111
38.5025,0.954917,0.274209,1.484649,0.006516,-0.006028,-0.000933,0.23238
38.5525,0.958633,0.263212,1.485678,0.007754,-0.005839,-0.00076,0.23391
38.6025,0.962195,0.252064,1.486675,0.007747,-0.005756,-0.000676,0.23593
38.6525,0.965604,0.240768,1.487643,0.005717,-0.005957,-0.000681,0.23745
38.7025,0.968856,0.229365,1.488594,0.005735,-0.006007,-0.000773,0.23839
38.7525,0.971951,0.217856,1.489516,0.007306,-0.005761,-0.000947,0.2399
38.8025,0.974895,0.20621,1.49042,0.007298,-0.005553,-0.001202,0.24199
38.8525,0.977693,0.19443,1.491311,0.004725,-0.005853,-0.00153,0.24344
38.9025,0.980338,0.182568,1.492205,0.004023,-0.006329,-0.001918,0.24392
38.9525,0.982821,0.170643,1.493071,0.005481,-0.0064,-0.002335,0.24468
39.0025,0.985138,0.158625,1.493915,0.005851,-0.006436,-0.002764,0.24607
39.0525,0.98729,0.146511,1.494746,0.003974,-0.006698,-0.003183,0.24708
39.1025,0.98927,0.134335,1.495571,0.003783,-0.007134,-0.003581,0.24744
39.1525,0.991069,0.122103,1.496362,0.005325,-0.007492,-0.003932,0.24824
39.2025,0.99268,0.109785,1.497126,0.005567,-0.007676,-0.004219,0.24965
39.2525,0.994097,0.097379,1.497872,0.003028,-0.007587,-0.004429,0.25052
39.3025,0.995324,0.084937,1.498615,0.002097,-0.007408,-0.004553,0.25041
39.3525,0.996366,0.072479,1.499328,0.003629,-0.00708,-0.004592,0.25059
39.4025,0.997231,0.059977,1.500019,0.004294,-0.00658,-0.004546,0.25153
39.4525,0.997932,0.047418,1.500693,0.002577,-0.006107,-0.004414,0.25221
39.5025,0.998479,0.034833,1.501356,0.002554,-0.006472,-0.004199,0.25234
39.5525,0.998865,0.022225,1.501984,0.004179,-0.007119,-0.003906,0.25301
39.6025,0.999078,0.00956,1.502585,0.004071,-0.006917,-0.003543,0.25421
39.6525,0.999122,-0.003155,1.503161,0.001566,-0.006086,-0.003127,0.25473
39.7025,0.999014,-0.015871,1.50372,0.000949,-0.006009,-0.00267,0.25437
39.7525,0.998759,-0.028572,1.504237,0.002215,-0.006488,-0.002189,0.25432
39.8025,0.998347,-0.041282,1.504722,0.001969,-0.00679,-0.001711,0.25469
39.8525,0.99777,-0.053992,1.50518,-0.000153,-0.006884,-0.001259,0.2544
39.9025,0.997026,-0.066661,1.505618,-0.000178,-0.007505,-0.000844,0.25356
39.9525,0.996101,-0.079287,1.506032,0.001007,-0.007948,-0.000478,0.2532
40.0025,0.994986,-0.091892,1.506427,0.000528,-0.007831,-0.000181,0.25319
40.0525,0.993683,-0.104462,1.506809,-0.002155,-0.00738,3.6e-05,0.25234
40.1025,0.992203,-0.116943,1.507187,-0.002793,-0.007688,0.00017,0.2506
40.1525,0.990538,-0.129319,1.50754,-0.001573,-0.008474,0.000216,0.24923
40.2025,0.988672,-0.141613,1.507885,-0.001632,-0.008884,0.000172,0.24837
40.2525,0.986597,-0.153821,1.508222,-0.00372,-0.008486,3.4e-05,0.247
40.3025,0.984319,-0.165902,1.508564,-0.004272,-0.008461,-0.000186,0.24491
40.3525,0.981841,-0.177842,1.508891,-0.003079,-0.008712,-0.000482,0.24318
40.4025,0.979159,-0.189666,1.509212,-0.002878,-0.008415,-0.000839,0.24198
40.4525,0.976282,-0.201375,1.509531,-0.004483,-0.007367,-0.001237,0.24036
40.5025,0.973232,-0.21294,1.509848,-0.004433,-0.007052,-0.001646,0.23824
40.5525,0.970018,-0.224361,1.510139,-0.003004,-0.007487,-0.00205,0.23665
40.6025,0.966632,-0.235668,1.510419,-0.002883,-0.007559,-0.002436,0.23564
40.6525,0.963074,-0.246862,1.510695,-0.004778,-0.006781,-0.002781,0.23416
40.7025,0.959361,-0.257905,1.510977,-0.005329,-0.006621,-0.003063,0.23198
40.7525,0.955496,-0.268784,1.511238,-0.004507,-0.006881,-0.003277,0.23003
40.8025,0.951478,-0.279515,1.511482,-0.004661,-0.006521,-0.003418,0.2284
40.8525,0.947315,-0.290092,1.51172,-0.006214,-0.005543,-0.00348,0.22623
40.9025,0.943027,-0.300485,1.511951,-0.006458,-0.005867,-0.003449,0.22358
40.9525,0.938609,-0.310689,1.512158,-0.005567,-0.006882,-0.00333,0.22137
41.0025,0.934039,-0.320719,1.512353,-0.005735,-0.006728,-0.003136,0.2196
41.0525,0.929324,-0.330572,1.512546,-0.007597,-0.00517,-0.002883,0.21721
41.1025,0.924494,-0.340209,1.512735,-0.008499,-0.004779,-0.002554,0.21397
41.1525,0.919562,-0.34961,1.512899,-0.008073,-0.005231,-0.002171,0.21079
41.2025,0.914519,-0.358781,1.513046,-0.008203,-0.005134,-0.001753,0.2079
41.2525,0.909369,-0.367718,1.513186,-0.009389,-0.004201,-0.001315,0.20462
41.3025,0.90413,-0.376399,1.51332,-0.009378,-0.004653,-0.000846,0.20105
41.3525,0.898792,-0.384825,1.51343,-0.008433,-0.005889,-0.000375,0.1981
41.4025,0.893329,-0.393014,1.513526,-0.008535,-0.005902,5.9e-05,0.19571
41.4525,0.887743,-0.400966,1.513613,-0.009857,-0.004845,0.00044,0.1929
41.5025,0.882052,-0.408653,1.513693,-0.010239,-0.005154,0.000787,0.18969
41.5525,0.876251,-0.416067,1.513752,-0.009596,-0.006401,0.001083,0.18701
41.6025,0.870314,-0.423221,1.513794,-0.009493,-0.006583,0.001297,0.18494
41.6525,0.864237,-0.430117,1.51383,-0.010552,-0.005743,0.001412,0.18266
41.7025,0.858035,-0.436735,1.513855,-0.010832,-0.006267,0.001458,0.1802
41.7525,0.851698,-0.443069,1.513852,-0.010328,-0.007467,0.001424,0.17836
41.8025,0.845201,-0.44913,1.513824,-0.010206,-0.007227,0.001291,0.17709
41.8525,0.838551,-0.454919,1.513777,-0.01114,-0.005614,0.001062,0.17548
41.9025,0.83178,-0.460418,1.513721,-0.01158,-0.00581,0.000787,0.1735
41.9525,0.824885,-0.465618,1.513639,-0.011411,-0.007134,0.000475,0.1721
42.0025,0.81784,-0.470522,1.513537,-0.011355,-0.007275,0.000114,0.17135
42.0525,0.810644,-0.475131,1.513423,-0.011748,-0.005866,-0.000282,0.17047
42.1025,0.803323,-0.479439,1.513293,-0.011997,-0.005902,-0.000662,0.1694
42.1525,0.795878,-0.483439,1.513136,-0.012038,-0.00688,-0.001012,0.16884
42.2025,0.788292,-0.487133,1.512957,-0.011897,-0.006862,-0.001336,0.16882
42.2525,0.780565,-0.490524,1.512759,-0.011764,-0.005381,-0.001625,0.16873
42.3025,0.77273,-0.493615,1.512554,-0.011978,-0.004895,-0.001849,0.16833
42.3525,0.764795,-0.496402,1.512323,-0.012583,-0.006292,-0.001987,0.16835
42.4025,0.756733,-0.498873,1.512072,-0.012736,-0.007172,-0.002064,0.16921
42.4525,0.748526,-0.501025,1.511802,-0.012603,-0.006533,-0.002071,0.17035
42.5025,0.740183,-0.502861,1.511519,-0.012576,-0.007097,-0.001966,0.17168
42.5525,0.731691,-0.504383,1.511203,-0.012621,-0.008312,-0.001754,0.1738
42.6025,0.723027,-0.505591,1.510855,-0.012755,-0.007838,-0.001467,0.17641
42.6525,0.714204,-0.506484,1.510479,-0.012848,-0.005657,-0.001124,0.17851
42.7025,0.705266,-0.507058,1.510086,-0.013375,-0.005171,-0.0007,0.18009
42.7525,0.696227,-0.507303,1.509665,-0.013869,-0.006324,-0.000212,0.18216
42.8025,0.687065,-0.50721,1.509225,-0.013507,-0.006216,0.000287,0.18483
42.8525,0.677783,-0.506789,1.50877,-0.012691,-0.004542,0.000775,0.18715
42.9025,0.668415,-0.506055,1.508301,-0.013119,-0.004798,0.001271,0.18927
42.9525,0.658957,-0.505002,1.507797,-0.014263,-0.006133,0.001749,0.19211
43.0025,0.649381,-0.503605,1.507267,-0.014729,-0.0059,0.002156,0.19559
43.0525,0.639696,-0.501855,1.506714,-0.01422,-0.003882,0.002479,0.19859
43.1025,0.629941,-0.499761,1.506152,-0.014508,-0.003754,0.002759,0.20119
43.1525,0.62012,-0.497318,1.505568,-0.015553,-0.005096,0.002975,0.20446
43.2025,0.610209,-0.494504,1.504974,-0.01571,-0.004995,0.003078,0.2084
43.2525,0.600209,-0.491318,1.50438,-0.014862,-0.003342,0.003068,0.21194
43.3025,0.590154,-0.487777,1.503794,-0.015002,-0.003631,0.002989,0.2152
43.3525,0.580038,-0.483877,1.503195,-0.016073,-0.005365,0.002844,0.21933
43.4025,0.569826,-0.479601,1.502595,-0.015968,-0.005435,0.002584,0.22424
43.4525,0.559518,-0.474951,1.501997,-0.014257,-0.003137,0.002219,0.22849
43.5025,0.549161,-0.469965,1.50141,-0.013569,-0.002701,0.001831,0.23187
43.5525,0.538766,-0.464661,1.500813,-0.014218,-0.004172,0.001447,0.23569
43.6025,0.528304,-0.459028,1.500222,-0.014057,-0.004614,0.001038,0.24023
43.6525,0.517768,-0.453074,1.499629,-0.012342,-0.003158,0.000609,0.24428
43.7025,0.507183,-0.446833,1.499037,-0.012129,-0.003501,0.000231,0.24781
43.7525,0.496544,-0.440313,1.498439,-0.013437,-0.00514,-7.5e-05,0.25207
43.8025,0.485818,-0.433488,1.497843,-0.013596,-0.005084,-0.000344,0.25706
43.8525,0.475007,-0.426358,1.497245,-0.011825,-0.002924,-0.000565,0.26129
43.9025,0.464154,-0.418958,1.496659,-0.011368,-0.002627,-0.000692,0.26461
43.9525,0.453269,-0.411302,1.49607,-0.012226,-0.00423,-0.000699,0.26841
44.0025,0.442317,-0.403374,1.495487,-0.012033,-0.004859,-0.000612,0.27293
44.0525,0.431288,-0.395182,1.494905,-0.010103,-0.003415,-0.000439,0.2769
44.1025,0.420207,-0.386767,1.494332,-0.009633,-0.003669,-0.000153,0.28015
44.1525,0.409069,-0.37814,1.493746,-0.01072,-0.005404,0.000232,0.28404
44.2025,0.397838,-0.369282,1.493161,-0.010595,-0.005488,0.00066,0.28858
44.2525,0.386515,-0.3602,1.49258,-0.008663,-0.003454,0.001118,0.29226
44.3025,0.375139,-0.350931,1.492015,-0.008595,-0.003726,0.001623,0.29516
44.3525,0.363704,-0.341481,1.491449,-0.009832,-0.005783,0.002163,0.29886
44.4025,0.352168,-0.331824,1.490884,-0.009745,-0.006061,0.002679,0.30333
44.4525,0.340527,-0.321967,1.490327,-0.008086,-0.004359,0.003145,0.30704
44.5025,0.32881,-0.311939,1.489789,-0.008764,-0.004785,0.003577,0.31026
44.5525,0.317013,-0.301729,1.489251,-0.010649,-0.006277,0.003967,0.31442
44.6025,0.305103,-0.291297,1.488717,-0.010393,-0.005709,0.004263,0.31917
44.6525,0.293098,-0.280654,1.488179,-0.007673,-0.003017,0.00445,0.32262
44.7025,0.281052,-0.269853,1.487661,-0.007255,-0.002708,0.004555,0.32485
44.7525,0.268974,-0.258908,1.487146,-0.008526,-0.004152,0.004582,0.32761
44.8025,0.256837,-0.247795,1.486634,-0.008261,-0.004011,0.004503,0.33094
44.8525,0.244646,-0.236524,1.486128,-0.006111,-0.001996,0.004316,0.33324
44.9025,0.23244,-0.225135,1.485642,-0.006566,-0.002304,0.004054,0.33485
44.9525,0.220215,-0.213621,1.485159,-0.008393,-0.00403,0.003731,0.3374
45.0025,0.207934,-0.201946,1.484669,-0.008078,-0.003762,0.003341,0.34062
45.0525,0.195608,-0.19012,1.484179,-0.005327,-0.00123,0.002907,0.34262
45.1025,0.183285,-0.178199,1.483704,-0.00462,-0.001186,0.00247,0.34341
45.1525,0.170971,-0.166201,1.483219,-0.005998,-0.003005,0.002055,0.34479
45.2025,0.158626,-0.154101,1.482735,-0.005972,-0.00334,0.001662,0.34695
45.2525,0.146246,-0.141902,1.482242,-0.003282,-0.001406,0.001314,0.34824
45.3025,0.133868,-0.129661,1.481753,-0.002478,-0.001191,0.001032,0.34834
45.3525,0.121498,-0.117395,1.481244,-0.004039,-0.002904,0.000835,0.34897
45.4025,0.1091,-0.105075,1.480726,-0.004357,-0.0034,0.000713,0.3505
45.4525,0.096666,-0.092696,1.480213,-0.002558,-0.002056,0.000664,0.35144
45.5025,0.084217,-0.080293,1.479714,-0.002702,-0.002403,0.000697,0.35179
45.5525,0.071749,-0.067862,1.479204,-0.004395,-0.00404,0.000825,0.35295
45.6025,0.059226,-0.055371,1.478699,-0.004482,-0.004077,0.001028,0.35486
45.6525,0.046651,-0.042818,1.4782,-0.002262,-0.001778,0.0013,0.35585
45.7025,0.034069,-0.030248,1.47772,-0.002124,-0.001534,0.001632,0.3558
45.7525,0.021487,-0.017665,1.47724,-0.003754,-0.003229,0.002025,0.35644
45.8025,0.008871,-0.005037,1.476765,-0.003701,-0.00321,0.002456,0.35782
45.8525,-0.003776,0.007632,1.476284,-0.001369,-0.000984,0.002907,0.3582
45.9025,-0.01641,0.020296,1.475799,-0.001118,-0.000942,0.003367,0.3576
45.9525,-0.029029,0.032947,1.475298,-0.002502,-0.002376,0.003822,0.3576
46.0025,-0.04166,0.045612,1.474795,-0.002126,-0.001997,0.004245,0.35812
46.0525,-0.054292,0.05828,1.474287,0.000432,0.000503,0.004632,0.35746
46.1025,-0.066876,0.070899,1.473795,0.001104,0.00084,0.004963,0.35558
46.1525,-0.079402,0.083452,1.473296,-0.000121,-0.000835,0.005223,0.35419
46.2025,-0.091903,0.095961,1.472801,2.1e-05,-0.001077,0.005399,0.3535
46.2525,-0.104384,0.108422,1.472303,0.002094,0.000625,0.005493,0.352
46.3025,-0.116812,0.120793,1.471807,0.002299,0.000476,0.005489,0.34973
46.3525,-0.129191,0.133069,1.471293,0.000974,-0.001258,0.005398,0.34812
46.4025,-0.141556,0.145278,1.470773,0.000756,-0.00156,0.005225,0.34728
46.4525,-0.153913,0.15742,1.470259,0.002457,1e-05,0.004973,0.3458
46.5025,-0.166235,0.169465,1.469767,0.00224,-0.000573,0.004639,0.34377
46.5525,-0.178532,0.181418,1.46928,0.000663,-0.002552,0.004263,0.34267
46.6025,-0.190847,0.19331,1.468796,0.00074,-0.002775,0.003865,0.34239
46.6525,-0.203184,0.205137,1.468319,0.002765,-0.001053,0.003461,0.34128
46.7025,-0.21551,0.216861,1.467871,0.003054,-0.001345,0.003056,0.33942
46.7525,-0.227831,0.228473,1.467434,0.001994,-0.00292,0.002674,0.33819
46.8025,-0.240179,0.239993,1.467009,0.002098,-0.002691,0.002347,0.33752
46.8525,-0.252548,0.251418,1.466601,0.003944,-0.000635,0.002086,0.33594
46.9025,-0.264895,0.262712,1.466217,0.004266,-0.000769,0.001885,0.33357
46.9525,-0.277224,0.273865,1.465844,0.003287,-0.002232,0.001761,0.33176
47.0025,-0.289563,0.284896,1.465488,0.003804,-0.001943,0.001722,0.3304
47.0525,-0.301903,0.295792,1.465152,0.006293,0.000429,0.001775,0.32792
47.1025,-0.314196,0.3065,1.46485,0.007309,0.00103,0.001896,0.32422
47.1525,-0.326427,0.316996,1.464572,0.006901,-8.5e-05,0.002087,0.32066
47.2025,-0.338617,0.327285,1.464331,0.007261,5e-05,0.002363,0.31747
47.2525,-0.35076,0.337358,1.464134,0.008893,0.00186,0.002718,0.31348
47.3025,-0.362822,0.347183,1.463993,0.009099,0.001854,0.003107,0.30881
47.3525,-0.374801,0.356754,1.463896,0.008206,0.00067,0.003531,0.30464
47.4025,-0.386719,0.366089,1.46385,0.008354,0.001072,0.003991,0.30092
47.4525,-0.398567,0.375184,1.463856,0.009928,0.003504,0.004464,0.29628
47.5025,-0.410293,0.384009,1.463925,0.010185,0.003864,0.004896,0.29075
47.5525,-0.42189,0.392557,1.464051,0.00937,0.002375,0.005281,0.28569
47.6025,-0.433384,0.400845,1.46413,0.010388,0.00346,0.005641,0.28107
47.6525,-0.444738,0.40884,1.463835,0.01865,0.013442,0.006053,0.27367
47.7025,-0.455712,0.416348,1.462815,0.036866,0.03435,0.006821,0.25802
47.7525,-0.465823,0.422957,1.460795,0.06241,0.063004,0.008344,0.22991
47.8025,-0.474417,0.428097,1.457552,0.090359,0.094368,0.010744,0.19032
47.8525,-0.480769,0.431135,1.453045,0.116095,0.123388,0.013637,0.14653
47.9025,-0.484176,0.431468,1.447486,0.133622,0.143635,0.015912,0.12769
47.9525,-0.48414,0.428678,1.441022,0.139372,0.151481,0.016534,0.16784
48.0025,-0.48047,0.422628,1.433723,0.133491,0.147071,0.015261,0.24318
48.0525,-0.473279,0.413459,1.425604,0.119901,0.134512,0.012787,0.32521
48.1025,-0.462895,0.401506,1.416596,0.102678,0.117894,0.0099,0.40228
48.1525,-0.449741,0.387185,1.406629,0.085041,0.100372,0.007117,0.47013
48.2025,-0.434255,0.370923,1.395655,0.068607,0.083753,0.004663,0.52799
48.2525,-0.416847,0.353111,1.383661,0.053721,0.068734,0.00259,0.57618
48.3025,-0.397881,0.334104,1.370663,0.040586,0.055616,0.000897,0.61573
48.3525,-0.377672,0.314212,1.356684,0.029531,0.044344,-0.000443,0.64771
48.4025,-0.356491,0.293697,1.34176,0.020495,0.035114,-0.001451,0.67329
48.4525,-0.334556,0.272773,1.325946,0.013129,0.027669,-0.002153,0.69357
48.5025,-0.312048,0.251617,1.309293,0.006666,0.021053,-0.002572,0.70949
48.5525,-0.289126,0.230385,1.29184,-0.000172,0.01379,-0.002714,0.72134
48.6025,-0.265965,0.209241,1.273629,-0.007808,0.005317,-0.002562,0.72844
48.6525,-0.242763,0.188364,1.254715,-0.015701,-0.00364,-0.002103,0.73055
48.7025,-0.219731,0.167939,1.235146,-0.023066,-0.012152,-0.001365,0.72782
48.7525,-0.19707,0.148142,1.214963,-0.02948,-0.019945,-0.000401,0.72089
48.8025,-0.174966,0.129122,1.194206,-0.035062,-0.026779,0.000723,0.71039
48.8525,-0.15358,0.111011,1.172915,-0.039893,-0.032696,0.001941,0.69705
48.9025,-0.133054,0.093921,1.151127,-0.044031,-0.037808,0.003191,0.68149
48.9525,-0.113509,0.077946,1.128875,-0.047188,-0.04213,0.004413,0.66444
49.0025,-0.095047,0.063157,1.106189,-0.049216,-0.045494,0.005531,0.64657
49.0525,-0.077748,0.049598,1.083097,-0.050258,-0.047907,0.006488,0.62883
49.1025,-0.061669,0.03729,1.059616,-0.050624,-0.0495,0.007241,0.61169
49.1525,-0.046842,0.026236,1.03577,-0.050179,-0.050038,0.007736,0.59578
49.2025,-0.033281,0.016422,1.011578,-0.049079,-0.04982,0.007966,0.58145
49.2525,-0.020975,0.007815,0.98705,-0.047411,-0.049134,0.007933,0.56954
49.3025,-0.009903,0.000373,0.962182,-0.045415,-0.048159,0.007643,0.55979
49.3525,-3.7e-05,-0.005958,0.936985,-0.043133,-0.046849,0.007098,0.55237
49.4025,0.00866,-0.011234,0.911463,-0.040679,-0.045413,0.00632,0.5471
49.4525,0.016227,-0.015518,0.885624,-0.03785,-0.043636,0.005327,0.54388
49.5025,0.022711,-0.01888,0.859477,-0.034755,-0.041909,0.004172,0.54244
49.5525,0.02816,-0.021398,0.833035,-0.031278,-0.039803,0.002885,0.54248
49.6025,0.032628,-0.023153,0.806311,-0.028032,-0.037331,0.001521,0.54388
49.6525,0.03618,-0.024227,0.779317,-0.025174,-0.03472,0.000148,0.54621
49.7025,0.038881,-0.024689,0.752074,-0.022539,-0.032295,-0.001172,0.54913
49.7525,0.040792,-0.024603,0.724604,-0.019876,-0.029827,-0.002396,0.55248
49.8025,0.041977,-0.024036,0.696923,-0.01719,-0.027398,-0.003466,0.55605
49.8525,0.042497,-0.023052,0.669048,-0.014829,-0.024987,-0.004345,0.55999
49.9025,0.042412,-0.02171,0.640971,-0.012932,-0.022663,-0.004999,0.56438
49.9525,0.041781,-0.020057,0.612699,-0.011327,-0.020384,-0.005406,0.56874
50.0025,0.04066,-0.018133,0.584235,-0.009769,-0.018153,-0.005556,0.5733
50.0525,0.039105,-0.015977,0.555588,-0.008278,-0.016206,-0.005444,0.57751
50.1025,0.037164,-0.013627,0.526767,-0.006798,-0.014535,-0.005079,0.58175
50.1525,0.034879,-0.01112,0.497777,-0.005352,-0.012919,-0.004483,0.58566
50.2025,0.03229,-0.008491,0.46864,-0.004,-0.011252,-0.003677,0.58908
50.2525,0.029437,-0.005773,0.439376,-0.002693,-0.009682,-0.002699,0.59199
50.3025,0.026359,-0.002999,0.410004,-0.001334,-0.008316,-0.001596,0.59443
50.3525,0.02309,-0.000204,0.380541,0.000102,-0.007003,-0.000417,0.59661
50.4025,0.019663,0.002579,0.350982,0.001351,-0.005705,0.000788,0.59875
50.4525,0.01611,0.00532,0.321338,0.0024,-0.004345,0.001968,0.60049
50.5025,0.012463,0.007992,0.291617,0.003184,-0.002966,0.003065,0.60202
50.5525,0.008758,0.010576,0.261819,0.004067,-0.001563,0.004034,0.60347
50.6025,0.005029,0.013052,0.231951,0.004843,-7.3e-05,0.004834,0.60451
50.6525,0.001312,0.015402,0.202025,0.005518,0.001448,0.005434,0.60534
50.7025,-0.002356,0.017608,0.172048,0.006278,0.002944,0.005803,0.60581
50.7525,-0.005938,0.019655,0.142035,0.006674,0.004298,0.005926,0.60597
50.8025,-0.009404,0.021532,0.111996,0.006971,0.005357,0.005803,0.60586
50.8525,-0.012006,0.023069,0.09878,-1.7e-05,-0.000253,0.005668,0.03332
50.9025,-0.01235,0.023299,0.099257,6e-05,-0.00013,0.005605,0.00378
50.9525,-0.012379,0.023314,0.099428,5.4e-05,-0.0002,0.005569,0.00352
51.0025,-0.012396,0.023319,0.099573,3e-06,-0.000362,0.005531,0.00226
51.0525,-0.012416,0.023324,0.099653,-4.8e-05,-0.000529,0.00549,0.00115
51.1025,-0.012436,0.023329,0.09969,-9.5e-05,-0.000683,0.005445,0.00061
51.1525,-0.012456,0.023335,0.099703,-0.000137,-0.000816,0.005396,0.00042
51.2025,-0.012475,0.023339,0.099706,-0.000173,-0.000941,0.005345,0.0004
51.2525,-0.012495,0.023344,0.099705,-0.000204,-0.00106,0.005291,0.00041
51.3025,-0.012515,0.023348,0.099702,-0.00023,-0.001175,0.005235,0.00043
51.3525,-0.012536,0.023352,0.099697,-0.000251,-0.001284,0.005177,0.00043
51.4025,-0.012557,0.023356,0.099692,-0.000269,-0.001389,0.005116,0.00044
51.4525,-0.012578,0.02336,0.099687,-0.000283,-0.001489,0.005052,0.00045
51.5025,-0.012602,0.023364,0.099686,-0.000318,-0.001606,0.004976,0.00059
51.5525,-0.012635,0.023366,0.099687,-0.000367,-0.001738,0.004866,0.00072
51.6025,-0.012673,0.023369,0.099689,-0.000419,-0.001872,0.004749,0.00078
51.6525,-0.012712,0.023371,0.099692,-0.000467,-0.002003,0.004628,0.0008
51.7025,-0.012752,0.023373,0.099694,-0.000509,-0.002125,0.004503,0.00081
51.7525,-0.012793,0.023375,0.099695,-0.000542,-0.002237,0.004376,0.00082
51.8025,-0.012835,0.023376,0.099701,-0.000559,-0.00238,0.004246,0.00101
51.8525,-0.012891,0.023365,0.099738,-0.000549,-0.002699,0.004084,0.00173
51.9025,-0.012968,0.023345,0.099813,-0.000525,-0.003234,0.003893,0.00188
51.9525,-0.01289,0.023305,0.098958,-0.000121,-0.001036,0.003811,0.01244
52.0025,-0.012799,0.02329,0.098571,-4.2e-05,-0.000369,0.003811,0.00457
52.0525,-0.01276,0.023285,0.098435,-1.4e-05,-0.000128,0.003811,0.00158
52.1025,-0.012746,0.023284,0.098389,-5e-06,-4.4e-05,0.003811,0.00054
52.1525,-0.012741,0.023283,0.098374,-2e-06,-1.5e-05,0.003811,0.00018
52.2025,-0.012739,0.023283,0.098368,-1e-06,-5e-06,0.003811,6e-05
52.2525,-0.012739,0.023283,0.098366,-0.0,-2e-06,0.003811,2e-05
52.3025,-0.012739,0.023283,0.098366,-0.0,-1e-06,0.003811,1e-05
52.3525,-0.012738,0.023283,0.098366,-0.0,-0.0,0.003811,0.0
52.4025,-0.012738,0.023283,0.098366,-0.0,-0.0,0.003811,0.0
52.4525,-0.012738,0.023283,0.098366,-0.0,-0.0,0.003811,0.0
52.5025,-0.012738,0.023283,0.098366,-0.0,-0.0,0.003811,0.0
52.5525,-0.012738,0.023283,0.098366,-0.0,-0.0,0.003811,0.0
52.6025,-0.012738,0.023283,0.098366,-0.0,-0.0,0.003811,0.0
52.6525,-0.012738,0.023283,0.098366,-0.0,-0.0,0.003811,0.0
52.7025,-0.012738,0.023283,0.098366,-0.0,-0.0,0.003811,0.0
52.7525,-0.012738,0.023283,0.098366,-0.0,-0.0,0.003811,0.0
52.8025,-0.012738,0.023283,0.098366,-0.0,-0.0,0.003811,0.0
52.8525,-0.012738,0.023283,0.098366,-0.0,-0.0,0.003811,0.0
52.9025,-0.012738,0.023283,0.098366,-0.0,-0.0,0.003811,0.0
52.9525,-0.012738,0.023283,0.098366,-0.0,-0.0,0.003811,0.0
53.0025,-0.012738,0.023283,0.098366,-0.0,-0.0,0.003811,0.0
53.0525,-0.012738,0.023283,0.098366,-0.0,-0.0,0.003811,0.0
53.1025,-0.012738,0.023283,0.098366,-0.0,-0.0,0.003811,0.0
53.1525,-0.012738,0.023283,0.098366,-0.0,-0.0,0.003811,0.0
53.2025,-0.012738,0.023283,0.098366,-0.0,-0.0,0.003811,0.0
53.2525,-0.012738,0.023283,0.098366,-0.0,-0.0,0.003811,0.0
53.3025,-0.012738,0.023283,0.098366,-0.0,-0.0,0.003811,0.0
53.3525,-0.012738,0.023283,0.098366,-0.0,-0.0,0.003811,0.0
53.4025,-0.012738,0.023283,0.098366,-0.0,-0.0,0.003811,0.0
53.4525,-0.012738,0.023283,0.098366,-0.0,-0.0,0.003811,0.0
53.5025,-0.012738,0.023283,0.098366,-0.0,-0.0,0.003811,0.0
53.5525,-0.012738,0.023283,0.098366,-0.0,-0.0,0.003811,0.0
53.6025,-0.012738,0.023283,0.098366,-0.0,-0.0,0.003811,0.0
53.6525,-0.012738,0.023283,0.098366,-0.0,-0.0,0.003811,0.0
53.7025,-0.012738,0.023283,0.098366,-0.0,-0.0,0.003811,0.0
53.7525,-0.012738,0.023283,0.098366,-0.0,-0.0,0.003811,0.0
53.8025,-0.012738,0.023283,0.098366,-0.0,-0.0,0.003811,0.0
53.8525,-0.012738,0.023283,0.098366,-0.0,-0.0,0.003811,0.0
53.9025,-0.012738,0.023283,0.098366,-0.0,-0.0,0.003811,0.0
53.9525,-0.012738,0.023283,0.098366,-0.0,-0.0,0.003811,0.0
54.0025,-0.012738,0.023283,0.098366,-0.0,-0.0,0.003811,0.0
54.0525,-0.012738,0.023283,0.098366,-0.0,-0.0,0.003811,0.0
54.1025,-0.012738,0.023283,0.098366,-0.0,-0.0,0.003811,0.0
54.1525,-0.012738,0.023283,0.098366,-0.0,-0.0,0.003811,0.0
54.2025,-0.012738,0.023283,0.098366,-0.0,-0.0,0.003811,0.0
54.2525,-0.012738,0.023283,0.098366,-0.0,-0.0,0.003811,0.0
54.3025,-0.012738,0.023283,0.098366,-0.0,-0.0,0.003811,0.0
54.3525,-0.012738,0.023283,0.098366,-0.0,-0.0,0.003811,0.0
54.4025,-0.012738,0.023283,0.098366,-0.0,-0.0,0.003811,0.0
54.4525,-0.012738,0.023283,0.098366,-0.0,-0.0,0.003811,0.0
54.5025,-0.012738,0.023283,0.098366,-0.0,-0.0,0.003811,0.0
54.5525,-0.012738,0.023283,0.098366,-0.0,-0.0,0.003811,0.0
54.6025,-0.012738,0.023283,0.098366,-0.0,-0.0,0.003811,0.0
54.6525,-0.012738,0.023283,0.098366,-0.0,-0.0,0.003811,0.0
54.7025,-0.012738,0.023283,0.098366,-0.0,-0.0,0.003811,0.0
54.7525,-0.012738,0.023283,0.098366,-0.0,-0.0,0.003811,0.0
54.8025,-0.012738,0.023283,0.098366,-0.0,-0.0,0.003811,0.0
54.8525,-0.012738,0.023283,0.098366,-0.0,-0.0,0.003811,0.0
54.9025,-0.012738,0.023283,0.098366,-0.0,-0.0,0.003811,0.0
54.9525,-0.012738,0.023283,0.098366,-0.0,-0.0,0.003811,0.0
54.96,-0.012738,0.023283,0.098366,-0.0,-0.0,0.003811,0.0

