time_s,x_m,y_m,z_m,roll_rad,pitch_rad,yaw_rad,m1,m2,m3,m4
2.196999999999999886e+01,2.617888461062949784e-02,-2.107016654345936560e-02,2.239794499984169018e+00,-5.059002654805798069e-03,-5.729959181010189223e-03,3.709898310204519378e-02,7.510000000000000009e-01,5.270000000000000240e-01,7.620000000000000107e-01,5.270000000000000240e-01
2.201999999999999957e+01,1.349079461809019574e-02,-8.231105121472638217e-03,2.237563959313406681e+00,-2.558372182780010041e-03,-3.222482141628029220e-03,8.089848372466018622e-02,8.880000000000000115e-01,4.020000000000000240e-01,8.760000000000000009e-01,4.020000000000000240e-01
2.207000000000000028e+01,7.572403837192931636e-04,4.623804786108156456e-03,2.235255006027662361e+00,-1.821470239863799126e-03,-2.527220578186617234e-03,1.135786770131225754e-01,9.709999999999999742e-01,2.979999999999999871e-01,9.679999999999999716e-01,2.979999999999999871e-01
2.212000000000000099e+01,-1.200962422492342363e-02,1.747790835030945539e-02,2.234824472830820863e+00,-2.738245496332081166e-03,-3.474748104741785717e-03,1.299803427883624851e-01,9.539999999999999591e-01,2.819999999999999729e-01,9.589999999999999636e-01,2.810000000000000275e-01
2.217000000000000171e+01,-2.483083358605188418e-02,3.034537058598285597e-02,2.236235242823727987e+00,-2.668670794033399518e-03,-3.360722661783852126e-03,1.287679216737287746e-01,9.190000000000000391e-01,3.019999999999999907e-01,9.280000000000000471e-01,3.029999999999999916e-01
2.221999999999999886e+01,-3.769576551868849407e-02,4.321916798517943387e-02,2.238211769998888379e+00,-1.133269729603761990e-04,-1.045940580106442244e-03,1.113053196141944728e-01,8.950000000000000178e-01,3.459999999999999742e-01,8.790000000000000036e-01,3.449999999999999734e-01
2.226999999999999957e+01,-5.054664079268834237e-02,5.605083148915959712e-02,2.239720050719409716e+00,1.373393716279854102e-03,1.053550892803528015e-04,7.963132268856276674e-02,8.149999999999999467e-01,4.319999999999999951e-01,8.090000000000000524e-01,4.309999999999999942e-01
2.232000000000000028e+01,-6.335611663777378222e-02,6.881372010547964768e-02,2.239606281687121392e+00,-4.757712207284511916e-04,-1.592798160198423407e-03,3.723884851636929255e-02,6.999999999999999556e-01,5.560000000000000497e-01,7.099999999999999645e-01,5.570000000000000506e-01
2.237000000000000099e+01,-7.615610954303553282e-02,8.154035943532533803e-02,2.236959503591411824e+00,-1.560476809637859671e-03,-2.520752785715456041e-03,-1.051222304372808128e-02,5.729999999999999538e-01,6.959999999999999520e-01,5.879999999999999671e-01,6.969999999999999529e-01
2.242000000000000171e+01,-8.896343330872383270e-02,9.425138575490824011e-02,2.231940131398456373e+00,5.907264528731948593e-04,-7.165812335250258030e-04,-5.690891431061045197e-02,4.580000000000000182e-01,8.349999999999999645e-01,4.450000000000000067e-01,8.349999999999999645e-01
2.246999999999999886e+01,-1.017451592078006534e-01,1.069041916312657298e-01,2.226036491220063862e+00,2.931181711502255701e-03,1.333316891044205839e-03,-9.488229755807767174e-02,3.459999999999999742e-01,9.399999999999999467e-01,3.290000000000000147e-01,9.399999999999999467e-01
2.251999999999999957e+01,-1.144616948001862256e-01,1.194405393071208688e-01,2.221412953992113692e+00,2.842960614187204412e-03,1.214212126890808294e-03,-1.183328513800507437e-01,2.800000000000000266e-01,9.729999999999999760e-01,2.740000000000000213e-01,9.729999999999999760e-01
2.257000000000000028e+01,-1.271150003962552844e-01,1.318585249852501640e-01,2.219053029862719129e+00,1.217468081494185728e-03,-1.628643135922479583e-04,-1.241427923941792466e-01,2.869999999999999774e-01,9.370000000000000551e-01,2.989999999999999880e-01,9.360000000000000542e-01
2.262000000000000099e+01,-1.397321442507260536e-01,1.442015739092831761e-01,2.217836503624702971e+00,2.081484159724806497e-04,-6.382072734109813655e-04,-1.130294328401698495e-01,3.220000000000000084e-01,9.060000000000000275e-01,3.250000000000000111e-01,9.080000000000000293e-01
2.267000000000000171e+01,-1.523230226338368465e-01,1.564964600005018802e-01,2.216663612496970970e+00,4.291838463952276955e-04,-5.402191503844126991e-04,-8.672835049685290176e-02,3.940000000000000169e-01,8.459999999999999742e-01,3.920000000000000151e-01,8.469999999999999751e-01
2.271999999999999886e+01,-1.648867304027485658e-01,1.687399607331219742e-01,2.214467458991319138e+00,9.932575017402649978e-04,-8.939997539045543753e-04,-4.804202732112293484e-02,5.010000000000000009e-01,7.520000000000000018e-01,5.040000000000000036e-01,7.510000000000000009e-01
2.276999999999999957e+01,-1.774286786363052926e-01,1.809201850324650140e-01,2.210122253024103145e+00,1.753690760190933446e-03,-7.085050539136311621e-04,-1.627811007030045658e-03,6.380000000000000115e-01,6.330000000000000071e-01,6.460000000000000187e-01,6.310000000000000053e-01
2.282000000000000028e+01,-1.899402505324161439e-01,1.930173171746133176e-01,2.203278026419805080e+00,3.843913977303446954e-03,1.374715727553600577e-03,4.621648534464832536e-02,7.880000000000000338e-01,5.050000000000000044e-01,7.770000000000000240e-01,5.060000000000000053e-01
2.287000000000000099e+01,-2.023764321665708354e-01,2.049882686116862585e-01,2.194921630130110657e+00,4.929646578336581084e-03,2.352973224976965400e-03,8.841775911677737798e-02,9.070000000000000284e-01,3.810000000000000053e-01,9.020000000000000240e-01,3.820000000000000062e-01
2.292000000000000171e+01,-2.147072199118419122e-01,2.168039607085018583e-01,2.187059183864004552e+00,4.175661664413726944e-03,1.035159002823609091e-03,1.183344636634062058e-01,9.799999999999999822e-01,2.810000000000000275e-01,9.839999999999999858e-01,2.839999999999999747e-01
2.296999999999999886e+01,-2.269548540315979301e-01,2.284691364163889127e-01,2.181453931464312213e+00,4.298784216164332032e-03,2.149567064611665370e-04,1.313081574231629300e-01,9.479999999999999538e-01,2.849999999999999756e-01,9.529999999999999583e-01,2.869999999999999774e-01
2.301999999999999957e+01,-2.391370337901455589e-01,2.399793389053139214e-01,2.177598325634137133e+00,6.350631549636072577e-03,9.926074862650915119e-04,1.268030181657335553e-01,9.280000000000000471e-01,3.109999999999999987e-01,9.150000000000000355e-01,3.099999999999999978e-01
2.307000000000000028e+01,-2.512390201213158814e-01,2.513000925780042860e-01,2.174266834464264608e+00,6.646290623677815132e-03,2.840458713384191370e-04,1.063224442839241501e-01,8.770000000000000018e-01,3.629999999999999893e-01,8.760000000000000009e-01,3.589999999999999858e-01
2.312000000000000099e+01,-2.632803806711925820e-01,2.624291879798777427e-01,2.170443353891442495e+00,4.662566590361090675e-03,-1.745427981954879955e-03,7.210406932925726708e-02,7.870000000000000329e-01,4.580000000000000182e-01,7.970000000000000417e-01,4.560000000000000164e-01
2.317000000000000171e+01,-2.753090575438892906e-01,2.734088651742591081e-01,2.164948618009737036e+00,3.978359197299771895e-03,-1.804998169149026315e-03,2.808489163021123114e-02,6.780000000000000471e-01,5.849999999999999645e-01,6.879999999999999449e-01,5.849999999999999645e-01
2.321999999999999886e+01,-2.873297267829170165e-01,2.842571653673208187e-01,2.157009582923357094e+00,5.863934139957115675e-03,9.118421936227495087e-04,-2.000774636695364095e-02,5.620000000000000551e-01,7.279999999999999805e-01,5.500000000000000444e-01,7.299999999999999822e-01
2.326999999999999957e+01,-2.992929883852047390e-01,2.949350145670455170e-01,2.147075455531756827e+00,7.807986033968890467e-03,3.394810948063903700e-03,-6.525876691142443176e-02,4.369999999999999996e-01,8.599999999999999867e-01,4.219999999999999862e-01,8.619999999999999885e-01
2.332000000000000028e+01,-3.111524126295360237e-01,3.053870730345477069e-01,2.136862158075972129e+00,7.554384000562269774e-03,3.050196915128449825e-03,-1.006753382146499398e-01,3.190000000000000058e-01,9.589999999999999636e-01,3.150000000000000022e-01,9.589999999999999636e-01
2.337000000000000099e+01,-3.229154094004162978e-01,3.156015855871502906e-01,2.128468224417161991e+00,5.994411819361603576e-03,1.352134476982519082e-03,-1.205414155112854713e-01,2.770000000000000240e-01,9.699999999999999734e-01,2.899999999999999800e-01,9.679999999999999716e-01
2.342000000000000171e+01,-3.346198450867329810e-01,3.256171163382894362e-01,2.122358191493556312e+00,4.677087591015587076e-03,6.508152395568449645e-04,-1.226208700673662999e-01,2.989999999999999880e-01,9.320000000000000506e-01,3.039999999999999925e-01,9.340000000000000524e-01
2.346999999999999886e+01,-3.462834056306973718e-01,3.354747836620055046e-01,2.117302678085259071e+00,4.863467781272229860e-03,3.998117800051326654e-04,-1.080406639530811785e-01,3.370000000000000218e-01,8.990000000000000213e-01,3.380000000000000226e-01,9.000000000000000222e-01
2.351999999999999957e+01,-3.579127600386488584e-01,3.451780659369608761e-01,2.112241800617298715e+00,5.952457966132474777e-03,-2.385991739661505776e-04,-7.869300443937021772e-02,4.159999999999999809e-01,8.329999999999999627e-01,4.159999999999999809e-01,8.299999999999999600e-01
2.357000000000000028e+01,-3.695189983416564683e-01,3.547118937511548609e-01,2.106046144699170508e+00,6.574615864931388463e-03,-3.933967854424438447e-04,-3.776510539887961704e-02,5.310000000000000275e-01,7.299999999999999822e-01,5.380000000000000338e-01,7.289999999999999813e-01
2.362000000000000099e+01,-3.810982665744742648e-01,3.640662999761765661e-01,2.097692414740010669e+00,7.605637231302807798e-03,8.801714736444940816e-04,9.659667391910709000e-03,6.780000000000000471e-01,6.069999999999999840e-01,6.710000000000000409e-01,6.099999999999999867e-01
2.367000000000000171e+01,-3.926191910116955675e-01,3.732208158624710226e-01,2.087101142053960245e+00,8.423613298778723918e-03,1.517594325409857411e-03,5.700738359052575505e-02,8.179999999999999494e-01,4.759999999999999787e-01,8.129999999999999449e-01,4.809999999999999831e-01
2.371999999999999886e+01,-4.040592954999747133e-01,3.821492818133351843e-01,2.075549016640370503e+00,8.563856444192479572e-03,1.695305189639757543e-04,9.713577899481813660e-02,9.280000000000000471e-01,3.609999999999999876e-01,9.300000000000000488e-01,3.589999999999999858e-01
2.376999999999999957e+01,-4.154355366346304534e-01,3.908284449463006460e-01,2.065153740274269456e+00,8.988561782882778517e-03,-8.808131091888826919e-04,1.236323479655560137e-01,9.829999999999999849e-01,2.819999999999999729e-01,9.869999999999999885e-01,2.780000000000000249e-01
2.382000000000000028e+01,-4.267625946379767776e-01,3.992322880825135978e-01,2.057257639353982093e+00,1.051882505360493547e-02,6.243322034931442764e-05,1.326458556456999727e-01,9.509999999999999565e-01,2.949999999999999845e-01,9.409999999999999476e-01,2.939999999999999836e-01
2.387000000000000099e+01,-4.380183673652159881e-01,4.073402509231480173e-01,2.050964385633259113e+00,1.036103244542948935e-02,3.370496018082076560e-05,1.243798996648753097e-01,9.180000000000000382e-01,3.200000000000000067e-01,9.160000000000000364e-01,3.200000000000000067e-01
2.392000000000000171e+01,-4.492088923781256127e-01,4.151686241838966063e-01,2.045127788231093646e+00,8.321330632044860939e-03,-1.631524052438205336e-03,1.004826590322688840e-01,8.599999999999999867e-01,3.810000000000000053e-01,8.679999999999999938e-01,3.820000000000000062e-01
2.396999999999999886e+01,-4.603775710880915750e-01,4.227658947181515692e-01,2.038700375936939757e+00,7.846881516204742141e-03,-1.717698002812458958e-03,6.353881207083671157e-02,7.690000000000000169e-01,4.879999999999999893e-01,7.760000000000000231e-01,4.859999999999999876e-01
2.401999999999999957e+01,-4.715322122346971012e-01,4.301531951176398305e-01,2.030530018708112117e+00,9.427939515294744138e-03,5.662596609561399178e-04,1.792459864414904305e-02,6.630000000000000338e-01,6.199999999999999956e-01,6.530000000000000249e-01,6.219999999999999973e-01
2.407000000000000028e+01,-4.826367110633578150e-01,4.373077600476171223e-01,2.020063616089809333e+00,1.045583749491798414e-02,1.800068123413178919e-03,-3.028481996948606189e-02,5.320000000000000284e-01,7.640000000000000124e-01,5.240000000000000213e-01,7.660000000000000142e-01
2.412000000000000099e+01,-4.936745604645635943e-01,4.442003808176442359e-01,2.008085519787451645e+00,9.897040223003016404e-03,1.002412869881747198e-03,-7.402190860841949271e-02,3.990000000000000213e-01,8.950000000000000178e-01,4.040000000000000258e-01,8.920000000000000151e-01
2.417000000000000171e+01,-5.046683412051352624e-01,4.508236745907863718e-01,1.996545693845202640e+00,8.887958562275836624e-03,4.866917586444292117e-04,-1.063189109645768238e-01,2.899999999999999800e-01,9.799999999999999822e-01,3.039999999999999925e-01,9.779999999999999805e-01
2.421999999999999886e+01,-5.156332319030685341e-01,4.571845525802288868e-01,1.987363085055058987e+00,8.523670578801531561e-03,1.959789144787714779e-03,-1.219841190460756730e-01,2.849999999999999756e-01,9.569999999999999618e-01,2.899999999999999800e-01,9.629999999999999671e-01
2.426999999999999957e+01,-5.265380719042911384e-01,4.632889071460340458e-01,1.980342030237557838e+00,9.756197951829650994e-03,3.740235410468420712e-03,-1.199161568832409208e-01,3.119999999999999996e-01,9.270000000000000462e-01,3.069999999999999951e-01,9.290000000000000480e-01
2.432000000000000028e+01,-5.373464920321245897e-01,4.691153051011869857e-01,1.974217879783408014e+00,1.179532636522665628e-02,3.926086093700166188e-03,-1.015565722021160300e-01,3.569999999999999840e-01,8.910000000000000142e-01,3.509999999999999787e-01,8.870000000000000107e-01
2.437000000000000099e+01,-5.480544022525524195e-01,4.746303580346275530e-01,1.967955068474879665e+00,1.270343866655750109e-02,3.499538291409086486e-03,-6.900267655271800915e-02,4.440000000000000058e-01,8.129999999999999449e-01,4.450000000000000067e-01,8.090000000000000524e-01
2.442000000000000171e+01,-5.586647941387954397e-01,4.798307386363194205e-01,1.960394833276478233e+00,1.226719373386108043e-02,3.820690710752098086e-03,-2.591251142220871509e-02,5.689999999999999503e-01,6.989999999999999547e-01,5.659999999999999476e-01,7.049999999999999600e-01
2.446999999999999886e+01,-5.691648656443191179e-01,4.847384511822303010e-01,1.950647918818515958e+00,1.190687409514866631e-02,3.169309333897769605e-03,2.216654496650885195e-02,7.109999999999999654e-01,5.759999999999999565e-01,7.109999999999999654e-01,5.799999999999999600e-01
2.451999999999999957e+01,-5.795564337683566380e-01,4.893604663024669343e-01,1.938989035465609634e+00,1.255487440709001506e-02,9.454245827342298413e-04,6.837547053592454849e-02,8.469999999999999751e-01,4.510000000000000120e-01,8.499999999999999778e-01,4.470000000000000084e-01
2.457000000000000028e+01,-5.898691220785982070e-01,4.936648072738694659e-01,1.927007155407391092e+00,1.361185188820209814e-02,-5.334412847299023659e-04,1.055847632549292564e-01,9.519999999999999574e-01,3.380000000000000226e-01,9.549999999999999600e-01,3.280000000000000138e-01
2.462000000000000099e+01,-6.001190107121677775e-01,4.975983499012903710e-01,1.916813067457534103e+00,1.450986644635335159e-02,2.249984928890720755e-04,1.278188271088319949e-01,9.789999999999999813e-01,2.849999999999999756e-01,9.739999999999999769e-01,2.829999999999999738e-01
2.467000000000000171e+01,-6.102814155159145271e-01,5.011347859825482365e-01,1.909192666460743704e+00,1.378312172321077486e-02,9.915733884878741820e-04,1.322192464308960536e-01,9.399999999999999467e-01,2.989999999999999880e-01,9.389999999999999458e-01,3.029999999999999916e-01
2.471999999999999886e+01,-6.203416790694872285e-01,5.043107214232604996e-01,1.902974388676312190e+00,1.218857274937012146e-02,7.651351274688752025e-04,1.196631109362081696e-01,9.050000000000000266e-01,3.320000000000000173e-01,9.100000000000000311e-01,3.360000000000000209e-01
2.476999999999999957e+01,-6.303139638744723605e-01,5.071764740334502308e-01,1.897047020090852909e+00,1.160574297101205944e-02,8.480385973772986297e-04,9.199801409652069717e-02,8.419999999999999707e-01,4.079999999999999738e-01,8.459999999999999742e-01,4.069999999999999729e-01
2.482000000000000028e+01,-6.402060574712897800e-01,5.097589244300394506e-01,1.890297188869258571e+00,1.226762002815698360e-02,2.270716819071915207e-03,5.225022396610010111e-02,7.489999999999999991e-01,5.200000000000000178e-01,7.439999999999999947e-01,5.220000000000000195e-01
2.487000000000000099e+01,-6.500028341031315327e-01,5.120600704809907810e-01,1.881628482339016362e+00,1.259580778946595321e-02,2.985992221300311656e-03,5.270569947000443463e-03,6.260000000000000009e-01,6.610000000000000320e-01,6.239999999999999991e-01,6.630000000000000338e-01
2.492000000000000171e+01,-6.597027152000043415e-01,5.140739233318816215e-01,1.870834644560828153e+00,1.229176128892560567e-02,2.284064584624420201e-03,-4.246795889955023301e-02,4.939999999999999947e-01,8.030000000000000471e-01,4.989999999999999991e-01,8.000000000000000444e-01
2.496999999999999886e+01,-6.693279663972152571e-01,5.157919010685967365e-01,1.859048673981780420e+00,1.160150257718617350e-02,2.348552230568417068e-03,-8.377088803565882480e-02,3.699999999999999956e-01,9.220000000000000417e-01,3.780000000000000027e-01,9.180000000000000382e-01
2.501999999999999957e+01,-6.788815493715124605e-01,5.172042507135713452e-01,1.848301168953116580e+00,1.102837895735290369e-02,4.354334781060931713e-03,-1.120680424979989126e-01,2.810000000000000275e-01,9.899999999999999911e-01,2.810000000000000275e-01,9.939999999999999947e-01
2.507000000000000028e+01,-6.883225357285611690e-01,5.182984292012267069e-01,1.840179136105620117e+00,1.186701289719364373e-02,5.743129997593562040e-03,-1.230405238285825487e-01,2.959999999999999853e-01,9.519999999999999574e-01,2.919999999999999818e-01,9.529999999999999583e-01
2.512000000000000099e+01,-6.976241291478455508e-01,5.190596675725036580e-01,1.833979666114142093e+00,1.317238356429393728e-02,5.791809216620413640e-03,-1.165383396448425174e-01,3.220000000000000084e-01,9.240000000000000435e-01,3.150000000000000022e-01,9.200000000000000400e-01
2.517000000000000171e+01,-7.067896778187261475e-01,5.194754439242726951e-01,1.828476977650939750e+00,1.327323864571471057e-02,5.520044747747540094e-03,-9.417035159386751009e-02,3.760000000000000009e-01,8.739999999999999991e-01,3.750000000000000000e-01,8.709999999999999964e-01
2.521999999999999886e+01,-7.158218358170622686e-01,5.195618109186382894e-01,1.822617784747883718e+00,1.194975616668182347e-02,5.785807598328540809e-03,-5.836086473865050722e-02,4.739999999999999769e-01,7.820000000000000284e-01,4.739999999999999769e-01,7.900000000000000355e-01
2.526999999999999957e+01,-7.247107558081813394e-01,5.193651188005271591e-01,1.815214547706593295e+00,1.136028268136156892e-02,5.251928865176156737e-03,-1.331433294486003040e-02,6.089999999999999858e-01,6.690000000000000391e-01,6.089999999999999858e-01,6.720000000000000417e-01
2.532000000000000028e+01,-7.334599795201826034e-01,5.189114307855967612e-01,1.805634821831779036e+00,1.227941943102926411e-02,3.453296252678309929e-03,3.496807679507124567e-02,7.510000000000000009e-01,5.460000000000000409e-01,7.520000000000000018e-01,5.430000000000000382e-01
2.537000000000000099e+01,-7.420908198917416376e-01,5.181797824608819214e-01,1.794513805482903956e+00,1.357609422799862728e-02,2.198685309245751104e-03,7.945975296568466573e-02,8.800000000000000044e-01,4.209999999999999853e-01,8.810000000000000053e-01,4.129999999999999782e-01
2.542000000000000171e+01,-7.506091687357192566e-01,5.171212163624667735e-01,1.783660794209902978e+00,1.436310544592208499e-02,2.531238038420650233e-03,1.132315379248769460e-01,9.719999999999999751e-01,3.069999999999999951e-01,9.709999999999999742e-01,3.099999999999999978e-01
2.546999999999999886e+01,-7.589899890014709660e-01,5.156938819894739678e-01,1.775103425728385531e+00,1.440478614461243242e-02,2.942685433874433782e-03,1.308027624409481837e-01,9.669999999999999707e-01,2.849999999999999756e-01,9.669999999999999707e-01,2.919999999999999818e-01
2.551999999999999957e+01,-7.672173243195660186e-01,5.138970027267082408e-01,1.768947947069326565e+00,1.465861567352329947e-02,2.680515909602778149e-03,1.305201247494300332e-01,9.320000000000000506e-01,3.069999999999999951e-01,9.320000000000000506e-01,3.099999999999999978e-01
2.557000000000000028e+01,-7.753026389259337625e-01,5.117421340801842078e-01,1.763902835991540297e+00,1.532530730498718637e-02,2.210662374040033712e-03,1.137099366845787524e-01,8.950000000000000178e-01,3.519999999999999796e-01,8.970000000000000195e-01,3.469999999999999751e-01
2.562000000000000099e+01,-7.832640528551002568e-01,5.092273529299217172e-01,1.758925552367820444e+00,1.581411665109026116e-02,2.746188171139010183e-03,8.241288342535400824e-02,8.219999999999999529e-01,4.359999999999999987e-01,8.189999999999999503e-01,4.349999999999999978e-01
2.567000000000000171e+01,-7.911056022239177921e-01,5.063591966279974432e-01,1.752861121456437132e+00,1.552039020506829417e-02,3.717521106347633931e-03,4.011237855792410684e-02,7.139999999999999680e-01,5.540000000000000480e-01,7.139999999999999680e-01,5.580000000000000515e-01
2.571999999999999886e+01,-7.988264971269612991e-01,5.031556373983768760e-01,1.744746967613711508e+00,1.536728786765478860e-02,4.022570069556296105e-03,-7.808470275379123665e-03,5.899999999999999689e-01,6.989999999999999547e-01,5.919999999999999707e-01,6.979999999999999538e-01
2.576999999999999957e+01,-8.064345093319187363e-01,4.996152599852546894e-01,1.734694842667834136e+00,1.549524524711287481e-02,4.473563597768393657e-03,-5.458218389688926364e-02,4.600000000000000200e-01,8.409999999999999698e-01,4.620000000000000218e-01,8.359999999999999654e-01
2.582000000000000028e+01,-8.139275570647681590e-01,4.957115041394054011e-01,1.724182387383824011e+00,1.477912269432242812e-02,6.181130005821606176e-03,-9.299836858309670773e-02,3.449999999999999734e-01,9.439999999999999503e-01,3.430000000000000271e-01,9.499999999999999556e-01
2.587000000000000099e+01,-8.212729128759578279e-01,4.914197367203885780e-01,1.715349797199876569e+00,1.464185745896622558e-02,7.148807639156855992e-03,-1.168666893860508399e-01,2.839999999999999747e-01,9.809999999999999831e-01,2.839999999999999747e-01,9.819999999999999840e-01
2.592000000000000171e+01,-8.284507850865856504e-01,4.867232660785103526e-01,1.709207864974563673e+00,1.533972045579841924e-02,6.904589173528308949e-03,-1.229539232757702050e-01,3.019999999999999907e-01,9.449999999999999512e-01,2.979999999999999871e-01,9.409999999999999476e-01
2.596999999999999886e+01,-8.354748888346220648e-01,4.816261521884649399e-01,1.704652475455914473e+00,1.501862441253453036e-02,6.784588574154405693e-03,-1.119171313800388090e-01,3.330000000000000182e-01,9.150000000000000355e-01,3.280000000000000138e-01,9.120000000000000329e-01
2.601999999999999957e+01,-8.423487843740806724e-01,4.761581582661799650e-01,1.700559128462806546e+00,1.317613407376075699e-02,6.968855046587245708e-03,-8.552775160060360760e-02,3.990000000000000213e-01,8.479999999999999760e-01,4.000000000000000222e-01,8.559999999999999831e-01
2.607000000000000028e+01,-8.490657723984041949e-01,4.703776699958659990e-01,1.695838086410400125e+00,1.265372716707809965e-02,5.652965601444526374e-03,-4.666938883697172719e-02,5.080000000000000071e-01,7.560000000000000053e-01,5.100000000000000089e-01,7.580000000000000071e-01
2.612000000000000099e+01,-8.556484163510659213e-01,4.643190089017887323e-01,1.689370820140581264e+00,1.398742674224102284e-02,3.252669598823160028e-03,-4.351644974498767920e-05,6.490000000000000213e-01,6.400000000000000133e-01,6.490000000000000213e-01,6.330000000000000071e-01
2.617000000000000171e+01,-8.621348526535820289e-01,4.579681534911732022e-01,1.680834490228688471e+00,1.463550761934940582e-02,1.877790015712620065e-03,4.798887645672665625e-02,7.910000000000000364e-01,5.140000000000000124e-01,7.910000000000000364e-01,5.040000000000000036e-01
2.621999999999999886e+01,-8.685366724001180039e-01,4.513028445857349968e-01,1.671238090813928823e+00,1.334117885955236546e-02,2.364767271076216853e-03,9.023596502806362218e-02,9.130000000000000338e-01,3.810000000000000053e-01,9.130000000000000338e-01,3.870000000000000107e-01
2.626999999999999957e+01,-8.748263002930353194e-01,4.443286560145408015e-01,1.662606735158033811e+00,1.180784101411268272e-02,3.480322575716145433e-03,1.199238392385793828e-01,9.899999999999999911e-01,2.810000000000000275e-01,9.899999999999999911e-01,2.919999999999999818e-01
2.632000000000000028e+01,-8.809660073327573171e-01,4.370677483002376462e-01,1.656630490882990969e+00,1.151597754661106560e-02,3.699043058076121986e-03,1.324181123391088288e-01,9.559999999999999609e-01,2.889999999999999791e-01,9.539999999999999591e-01,2.959999999999999853e-01
2.637000000000000099e+01,-8.869516387902568466e-01,4.295386089837265886e-01,1.652725270223061926e+00,1.187579044415129625e-02,2.787791237649381478e-03,1.272851421377494685e-01,9.250000000000000444e-01,3.200000000000000067e-01,9.260000000000000453e-01,3.140000000000000013e-01
2.642000000000000171e+01,-8.928094415598875067e-01,4.217461088138459990e-01,1.649640829172660528e+00,1.181305117870966835e-02,2.264960310642775716e-03,1.061138049185805093e-01,8.790000000000000036e-01,3.689999999999999947e-01,8.800000000000000044e-01,3.699999999999999956e-01
2.646999999999999886e+01,-8.985628338753552935e-01,4.136996148949975693e-01,1.646342976021460736e+00,1.175071400086789841e-02,2.281654574069542050e-03,7.123242250495231964e-02,7.930000000000000382e-01,4.660000000000000253e-01,7.930000000000000382e-01,4.670000000000000262e-01
2.651999999999999957e+01,-9.042262687947497657e-01,4.054121787949185873e-01,1.641641468939170290e+00,1.193151045674718802e-02,2.355799948365833348e-03,2.668681524573341887e-02,6.820000000000000506e-01,5.979999999999999760e-01,6.810000000000000497e-01,5.939999999999999725e-01
2.657000000000000028e+01,-9.098106455480186039e-01,3.968883472628872977e-01,1.634809608306433848e+00,1.136436377322998931e-02,3.139180547357508805e-03,-2.166714140664998192e-02,5.540000000000000480e-01,7.459999999999999964e-01,5.510000000000000453e-01,7.389999999999999902e-01
2.662000000000000099e+01,-9.153080413513485780e-01,3.881357083208165082e-01,1.626356825105607751e+00,8.971354091976769043e-03,4.994499613593904319e-03,-6.683395307396780560e-02,4.259999999999999898e-01,8.699999999999999956e-01,4.289999999999999925e-01,8.760000000000000009e-01
2.667000000000000171e+01,-9.206816839361996463e-01,3.791817639490748792e-01,1.618034501290113836e+00,7.627310931517250481e-03,5.861069977576885762e-03,-1.017986050140974597e-01,3.150000000000000022e-01,9.659999999999999698e-01,3.200000000000000067e-01,9.669999999999999707e-01
2.671999999999999886e+01,-9.259045076150336229e-01,3.700357143437753571e-01,1.611921079007461621e+00,8.023896147206636617e-03,6.061191670792135874e-03,-1.208806365640910097e-01,2.889999999999999791e-01,9.729999999999999760e-01,2.889999999999999791e-01,9.699999999999999734e-01
2.676999999999999957e+01,-9.309726176861850000e-01,3.606856516321912953e-01,1.608314882894026576e+00,8.290817173936280982e-03,6.815157193427554862e-03,-1.220742339454488901e-01,3.099999999999999978e-01,9.379999999999999449e-01,3.039999999999999925e-01,9.340000000000000524e-01
2.682000000000000028e+01,-9.358747983218156374e-01,3.511369127359463826e-01,1.605959818122152383e+00,7.028087274199239405e-03,7.966532746455291802e-03,-1.065828474898615763e-01,3.449999999999999734e-01,8.960000000000000187e-01,3.439999999999999725e-01,9.060000000000000275e-01
2.687000000000000099e+01,-9.405880828463346610e-01,3.414248279853068224e-01,1.603790390966560508e+00,6.437855574867779387e-03,7.611594787086471692e-03,-7.637641772436574994e-02,4.259999999999999898e-01,8.269999999999999574e-01,4.289999999999999925e-01,8.299999999999999600e-01
2.692000000000000171e+01,-9.451221928600930244e-01,3.315762934572913934e-01,1.600642645796055641e+00,7.731074645134813732e-03,5.895727343547820312e-03,-3.482143141490792737e-02,5.460000000000000409e-01,7.279999999999999805e-01,5.470000000000000417e-01,7.229999999999999760e-01
2.696999999999999886e+01,-9.495133163831520617e-01,3.215824477666137104e-01,1.595501389451037921e+00,8.607070518433174514e-03,4.904443881655804437e-03,1.285648117806589656e-02,6.899999999999999467e-01,6.029999999999999805e-01,6.870000000000000551e-01,5.959999999999999742e-01
2.701999999999999957e+01,-9.537754838577577887e-01,3.114342172611304638e-01,1.588368158132394292e+00,7.361784192081299340e-03,5.111881891376800040e-03,5.997681446868263766e-02,8.249999999999999556e-01,4.680000000000000271e-01,8.299999999999999600e-01,4.759999999999999787e-01
2.707000000000000028e+01,-9.578900953943928487e-01,3.011506175960400600e-01,1.580618082546503711e+00,6.800577103206840134e-03,6.009714594604221097e-03,9.930857728864150857e-02,9.389999999999999458e-01,3.479999999999999760e-01,9.399999999999999467e-01,3.579999999999999849e-01
2.712000000000000099e+01,-9.618195953499394379e-01,2.907358365735583372e-01,1.574409189893131167e+00,8.197863575469439140e-03,6.164085661024206429e-03,1.244563219676285415e-01,9.849999999999999867e-01,2.800000000000000266e-01,9.819999999999999840e-01,2.849999999999999756e-01
2.717000000000000171e+01,-9.655464240742115400e-01,2.801546352941106099e-01,1.570898645256489923e+00,9.617830636313695267e-03,4.932705036685601507e-03,1.318651898635004316e-01,9.459999999999999520e-01,3.029999999999999916e-01,9.449999999999999512e-01,2.929999999999999827e-01
2.721999999999999886e+01,-9.691006981880395665e-01,2.693791998287087264e-01,1.569043268445564410e+00,9.704360034064317755e-03,3.800006682166899227e-03,1.220519345311203013e-01,9.150000000000000355e-01,3.280000000000000138e-01,9.180000000000000382e-01,3.240000000000000102e-01
2.726999999999999957e+01,-9.725171358786324216e-01,2.584103400479313972e-01,1.567701971124694893e+00,9.601107786750955400e-03,4.007957444474809748e-03,9.674870572172898642e-02,8.589999999999999858e-01,3.920000000000000151e-01,8.599999999999999867e-01,3.920000000000000151e-01
2.732000000000000028e+01,-9.758034370380127553e-01,2.472567246506452432e-01,1.565792299139371568e+00,1.011804218515916128e-02,5.160285829308142690e-03,5.867482667901920829e-02,7.680000000000000160e-01,5.030000000000000027e-01,7.630000000000000115e-01,5.000000000000000000e-01
2.737000000000000099e+01,-9.789492720884072074e-01,2.359190112897875946e-01,1.562172380176694686e+00,9.367907487544936684e-03,6.185774056142977206e-03,1.240556840904709704e-02,6.480000000000000204e-01,6.380000000000000115e-01,6.440000000000000169e-01,6.330000000000000071e-01
2.742000000000000171e+01,-9.819444083361581477e-01,2.244166354514166295e-01,1.556390329095480141e+00,6.176968513378620559e-03,6.998405659359627738e-03,-3.579820551354630925e-02,5.160000000000000142e-01,7.750000000000000222e-01,5.220000000000000195e-01,7.810000000000000275e-01
2.746999999999999886e+01,-9.847742898600730932e-01,2.128012235558987275e-01,1.549320124978961211e+00,4.269585663832255878e-03,7.003326572530951290e-03,-7.882963364090421476e-02,3.910000000000000142e-01,9.020000000000000240e-01,3.980000000000000204e-01,9.050000000000000266e-01
2.751999999999999957e+01,-9.874287573631498338e-01,2.010981390533412017e-01,1.542958471771532780e+00,4.971233241157584602e-03,6.708456383863463379e-03,-1.098605470302345122e-01,2.939999999999999836e-01,9.859999999999999876e-01,2.929999999999999827e-01,9.829999999999999849e-01
2.757000000000000028e+01,-9.899070513077045108e-01,1.892807498908293806e-01,1.539146736404269022e+00,5.656789324216809391e-03,7.169909647757857253e-03,-1.239729920775139299e-01,2.959999999999999853e-01,9.599999999999999645e-01,2.859999999999999765e-01,9.569999999999999618e-01
2.762000000000000099e+01,-9.922051219873546657e-01,1.773335447155496847e-01,1.537503713020869966e+00,4.693353190981329644e-03,7.837655796037621900e-03,-1.203864308811372213e-01,3.150000000000000022e-01,9.250000000000000444e-01,3.140000000000000013e-01,9.310000000000000497e-01
2.767000000000000171e+01,-9.943158519187484945e-01,1.652823955771260123e-01,1.536771940330649011e+00,4.249807620336903784e-03,7.161034919005704151e-03,-1.006069197218846661e-01,3.609999999999999876e-01,8.840000000000000080e-01,3.649999999999999911e-01,8.860000000000000098e-01
2.771999999999999886e+01,-9.962582798914119131e-01,1.531471708960633060e-01,1.535909816754220447e+00,5.380355515751329525e-03,5.714743923972087636e-03,-6.685185875949774259e-02,4.580000000000000182e-01,8.050000000000000488e-01,4.580000000000000182e-01,7.990000000000000435e-01
2.776999999999999957e+01,-9.980683042933741200e-01,1.409202259742377839e-01,1.533732614303204400e+00,5.838430088839554992e-03,5.093839302536266184e-03,-2.299217647330967229e-02,5.879999999999999671e-01,6.959999999999999520e-01,5.829999999999999627e-01,6.899999999999999467e-01
2.782000000000000028e+01,-9.997602485834697905e-01,1.286055346207046202e-01,1.529432441994236669e+00,4.014464075943517674e-03,5.259308527051639176e-03,2.524221597192320699e-02,7.239999999999999769e-01,5.620000000000000551e-01,7.299999999999999822e-01,5.699999999999999512e-01
2.787000000000000099e+01,-1.001324252521826219e+00,1.162415354431370618e-01,1.523383035590208046e+00,3.206711036170849845e-03,5.833232229627318723e-03,7.092491766346031845e-02,8.629999999999999893e-01,4.329999999999999960e-01,8.639999999999999902e-01,4.410000000000000031e-01
2.792000000000000171e+01,-1.002736486545280359e+00,1.038459040003640727e-01,1.517275932225330637e+00,4.593006077610695820e-03,5.838093875145894049e-03,1.069279814211917257e-01,9.609999999999999654e-01,3.260000000000000120e-01,9.589999999999999636e-01,3.260000000000000120e-01
2.796999999999999886e+01,-1.003979809540889390e+00,9.138623138595398931e-02,1.513222046062097093e+00,5.885820448522816918e-03,4.795672790418965478e-03,1.273954551711429795e-01,9.749999999999999778e-01,2.929999999999999827e-01,9.739999999999999769e-01,2.819999999999999729e-01
2.801999999999999957e+01,-1.005071357298695345e+00,7.883049963667024262e-02,1.511738984852954104e+00,5.430449635931236009e-03,3.668340072506571028e-03,1.299609560445615097e-01,9.350000000000000533e-01,3.069999999999999951e-01,9.409999999999999476e-01,3.029999999999999916e-01
2.807000000000000028e+01,-1.006043516879307154e+00,6.618941303310506286e-02,1.511581700817010043e+00,4.953804900960245665e-03,4.200606016009291073e-03,1.157238468596736708e-01,9.040000000000000258e-01,3.390000000000000235e-01,9.050000000000000266e-01,3.400000000000000244e-01
2.812000000000000099e+01,-1.006893508950017058e+00,5.347888483969104323e-02,1.511655402718479424e+00,5.153539541737277817e-03,5.710909554924363529e-03,8.657530942539948260e-02,8.369999999999999662e-01,4.199999999999999845e-01,8.329999999999999627e-01,4.179999999999999827e-01
2.817000000000000171e+01,-1.007597775574984755e+00,4.070238798250443851e-02,1.510826401666065300e+00,4.435332710623400565e-03,6.698696584161575526e-03,4.570924586394858880e-02,7.379999999999999893e-01,5.370000000000000329e-01,7.319999999999999840e-01,5.330000000000000293e-01
2.821999999999999886e+01,-1.008146213314525363e+00,2.787933720056898212e-02,1.508044223919281057e+00,1.800932698924329316e-03,6.835693821578071525e-03,-1.784863490973014229e-03,6.099999999999999867e-01,6.720000000000000417e-01,6.179999999999999938e-01,6.780000000000000471e-01
2.826999999999999957e+01,-1.008540029713167918e+00,1.505468259734564496e-02,1.503216686302845106e+00,7.654674593913195083e-04,6.633187213696455954e-03,-4.933697222924011971e-02,4.809999999999999831e-01,8.149999999999999467e-01,4.869999999999999885e-01,8.189999999999999503e-01
2.832000000000000028e+01,-1.008776539644722359e+00,2.241677174320907615e-03,1.497618416802809271e+00,2.065523701210346830e-03,6.663277119813837239e-03,-8.975073162958789597e-02,3.659999999999999920e-01,9.320000000000000506e-01,3.629999999999999893e-01,9.290000000000000480e-01
2.837000000000000099e+01,-1.008843438332599485e+00,-1.059578376251249683e-02,1.493344471458694089e+00,2.704434635302101642e-03,7.542474939865919867e-03,-1.165269328386779740e-01,2.909999999999999809e-01,9.899999999999999911e-01,2.750000000000000222e-01,9.879999999999999893e-01
2.842000000000000171e+01,-1.008715243256371297e+00,-2.348215287625606343e-02,1.491742613193687728e+00,1.274010795411195576e-03,8.119934889331870825e-03,-1.257377713219915705e-01,2.979999999999999871e-01,9.469999999999999529e-01,2.949999999999999845e-01,9.519999999999999574e-01
2.846999999999999886e+01,-1.008383802621881209e+00,-3.638549737320845301e-02,1.491923482511670285e+00,-2.715595106517976415e-04,7.138413969846249020e-03,-1.175875977156550928e-01,3.200000000000000067e-01,9.190000000000000391e-01,3.250000000000000111e-01,9.200000000000000400e-01
2.851999999999999957e+01,-1.007876025267884890e+00,-4.926362346801525793e-02,1.492705409018031837e+00,-3.905579269555965174e-04,5.718073758714305524e-03,-9.374280549034606780e-02,3.810000000000000053e-01,8.679999999999999938e-01,3.860000000000000098e-01,8.639999999999999902e-01
2.857000000000000028e+01,-1.007228709132191424e+00,-6.210294093736148935e-02,1.493024035347434664e+00,-4.553794501445823130e-04,5.766794902750600402e-03,-5.677834537677752674e-02,4.889999999999999902e-01,7.780000000000000249e-01,4.859999999999999876e-01,7.750000000000000222e-01
2.862000000000000099e+01,-1.006449669324349872e+00,-7.489452006364999415e-02,1.491721376333267957e+00,-1.545002056296985267e-03,6.736873375324443393e-03,-1.107749490084374532e-02,6.209999999999999964e-01,6.570000000000000284e-01,6.260000000000000009e-01,6.610000000000000320e-01
2.867000000000000171e+01,-1.005521791147726551e+00,-8.761336231530718333e-02,1.488254654132285415e+00,-1.450434629175501857e-03,8.060380071837630264e-03,3.720412645321025114e-02,7.650000000000000133e-01,5.310000000000000275e-01,7.670000000000000151e-01,5.340000000000000302e-01
2.871999999999999886e+01,-1.004412526060058708e+00,-1.002535829412170287e-01,1.483386207427426440e+00,4.409804724539888505e-04,8.973359121003356836e-03,8.096510113636913586e-02,8.940000000000000169e-01,4.060000000000000275e-01,8.910000000000000142e-01,4.030000000000000249e-01
2.876999999999999957e+01,-1.003084791143083354e+00,-1.128431054441924875e-01,1.479028112452736909e+00,1.323425677283435751e-03,8.834099399827087876e-03,1.132834017531522686e-01,9.819999999999999840e-01,3.059999999999999942e-01,9.779999999999999805e-01,2.969999999999999862e-01
2.882000000000000028e+01,-1.001523759059574026e+00,-1.253938505604852149e-01,1.477088351679946676e+00,-2.768493818575972648e-04,8.151614114055237212e-03,1.289934709977111627e-01,9.589999999999999636e-01,2.909999999999999809e-01,9.669999999999999707e-01,2.889999999999999791e-01
2.887000000000000099e+01,-9.997488828655176629e-01,-1.378687532532186788e-01,1.477388013314758552e+00,-1.761078934335283093e-03,8.932405268924300396e-03,1.269317375652345981e-01,9.290000000000000480e-01,3.079999999999999960e-01,9.300000000000000488e-01,3.130000000000000004e-01
2.892000000000000171e+01,-9.977581477943077148e-01,-1.502329419865674198e-01,1.478640080134886459e+00,-1.800949825473599671e-03,1.050013989044973513e-02,1.085210171852575151e-01,8.930000000000000160e-01,3.539999999999999813e-01,8.860000000000000098e-01,3.579999999999999849e-01
2.896999999999999886e+01,-9.955274981234136789e-01,-1.624844634049293912e-01,1.479804847036135795e+00,-2.356476429511642975e-03,1.061264594157798093e-02,7.588622536962220944e-02,8.129999999999999449e-01,4.470000000000000084e-01,8.070000000000000506e-01,4.460000000000000075e-01
2.901999999999999957e+01,-9.930655971397842618e-01,-1.746191560554681554e-01,1.479718999167391358e+00,-4.526113741458732964e-03,9.153397990303365969e-03,3.270623460084667172e-02,6.979999999999999538e-01,5.699999999999999512e-01,7.079999999999999627e-01,5.729999999999999538e-01
2.907000000000000028e+01,-9.904087027226771145e-01,-1.866088749239595002e-01,1.477509462851608557e+00,-5.453492242729628819e-03,8.200237684912061939e-03,-1.548439041051999018e-02,5.759999999999999565e-01,7.129999999999999671e-01,5.819999999999999618e-01,7.149999999999999689e-01
2.912000000000000099e+01,-9.875709723481590485e-01,-1.984426425488096668e-01,1.473438400632592904e+00,-4.470042330641734070e-03,8.374917068617974969e-03,-6.181528441060261947e-02,4.540000000000000147e-01,8.489999999999999769e-01,4.480000000000000093e-01,8.469999999999999751e-01
2.917000000000000171e+01,-9.845333998971715905e-01,-2.101407523639126640e-01,1.469072335701494980e+00,-4.139839599249515653e-03,8.675910190979154585e-03,-9.915373744535031786e-02,3.420000000000000262e-01,9.539999999999999591e-01,3.270000000000000129e-01,9.509999999999999565e-01
2.921999999999999886e+01,-9.812691434718761041e-01,-2.217088942734933288e-01,1.466553946167159506e+00,-5.797496775418134289e-03,7.992114728858346756e-03,-1.214255549790581035e-01,2.869999999999999774e-01,9.769999999999999796e-01,2.859999999999999765e-01,9.789999999999999813e-01
2.926999999999999957e+01,-9.777847169079427747e-01,-2.331090243888951641e-01,1.466639872093972174e+00,-7.549308726074616463e-03,6.043151504964656105e-03,-1.258249844972471887e-01,2.969999999999999862e-01,9.409999999999999476e-01,3.069999999999999951e-01,9.409999999999999476e-01
2.932000000000000028e+01,-9.741302253499060093e-01,-2.443005571488862937e-01,1.468153963231246584e+00,-8.066937286655717979e-03,4.755886469967831980e-03,-1.132625435942595377e-01,3.300000000000000155e-01,9.090000000000000302e-01,3.380000000000000226e-01,9.090000000000000302e-01
2.937000000000000099e+01,-9.703448497245765747e-01,-2.552723398017454626e-01,1.469984746112758867e+00,-7.578721017581714799e-03,4.867557226035009073e-03,-8.557784714009972205e-02,4.099999999999999756e-01,8.439999999999999725e-01,4.079999999999999738e-01,8.429999999999999716e-01
2.942000000000000171e+01,-9.664405990472235697e-01,-2.660385583660774822e-01,1.471020116119695631e+00,-7.097042905415013384e-03,5.496108326059257268e-03,-4.579498467341413387e-02,5.200000000000000178e-01,7.449999999999999956e-01,5.240000000000000213e-01,7.469999999999999973e-01
2.946999999999999886e+01,-9.624163130131240251e-01,-2.766167236179103983e-01,1.470165212705999425e+00,-5.795455294139038351e-03,6.710698013830662494e-03,1.188774952876641170e-03,6.640000000000000346e-01,6.239999999999999991e-01,6.630000000000000338e-01,6.250000000000000000e-01
2.951999999999999957e+01,-9.582548633660321613e-01,-2.870315084745456713e-01,1.467205546578622677e+00,-3.969533517211035201e-03,7.798424975274503498e-03,4.891647088936719456e-02,8.070000000000000506e-01,4.969999999999999973e-01,8.010000000000000453e-01,4.949999999999999956e-01
2.957000000000000028e+01,-9.539307903786294895e-01,-2.973072186635224989e-01,1.463288198495209969e+00,-3.674189889604759663e-03,7.514194949414275577e-03,9.017148667579491517e-02,9.230000000000000426e-01,3.750000000000000000e-01,9.190000000000000391e-01,3.709999999999999964e-01
2.962000000000000099e+01,-9.494418558816705156e-01,-3.074338973016246812e-01,1.460437572118624461e+00,-5.371348911049638256e-03,6.134913399623563926e-03,1.183776624998962301e-01,9.879999999999999893e-01,2.810000000000000275e-01,9.939999999999999947e-01,2.800000000000000266e-01
2.967000000000000171e+01,-9.448139558537850258e-01,-3.173663833212400642e-01,1.460219812994475452e+00,-5.991782342357502775e-03,6.502137364106131377e-03,1.292262414987254138e-01,9.519999999999999574e-01,2.919999999999999818e-01,9.509999999999999565e-01,2.949999999999999845e-01
2.971999999999999886e+01,-9.400496432803725488e-01,-3.270893505768102116e-01,1.461915014098379206e+00,-5.820229398721481727e-03,7.449863831317038790e-03,1.225778276796582467e-01,9.240000000000000435e-01,3.180000000000000049e-01,9.210000000000000409e-01,3.200000000000000067e-01
2.976999999999999957e+01,-9.351349976021967603e-01,-3.366115043810790075e-01,1.464292925469722784e+00,-6.250239715386015499e-03,7.215196744430598871e-03,1.000672365714354584e-01,8.739999999999999991e-01,3.770000000000000018e-01,8.699999999999999956e-01,3.760000000000000009e-01
2.982000000000000028e+01,-9.300812094813687425e-01,-3.459328799150873657e-01,1.466307344709657734e+00,-7.916099824861367804e-03,5.449812290388250831e-03,6.415362887095665823e-02,7.800000000000000266e-01,4.759999999999999787e-01,7.890000000000000346e-01,4.769999999999999796e-01
2.987000000000000099e+01,-9.249279219694387377e-01,-3.550367599034222055e-01,1.466785503517280542e+00,-8.678058248296441346e-03,4.449761930807685263e-03,1.902334727750609397e-02,6.680000000000000382e-01,6.109999999999999876e-01,6.710000000000000409e-01,6.109999999999999876e-01
2.992000000000000171e+01,-9.196924538815212102e-01,-3.639182216208864395e-01,1.465102765759858094e+00,-8.068334409437740579e-03,4.896721251316315561e-03,-2.932617393792911337e-02,5.460000000000000409e-01,7.540000000000000036e-01,5.410000000000000364e-01,7.530000000000000027e-01
2.996999999999999886e+01,-9.143564561293593407e-01,-3.725883901600208770e-01,1.461898923478371914e+00,-7.840458254940386312e-03,5.101335883590811006e-03,-7.380626147462053532e-02,4.219999999999999862e-01,8.810000000000000053e-01,4.129999999999999782e-01,8.810000000000000053e-01
3.001999999999999957e+01,-9.088999265546829909e-01,-3.810432398015276556e-01,1.458965444841334724e+00,-8.803019009336483444e-03,4.155132867236269525e-03,-1.074832748183929126e-01,3.079999999999999960e-01,9.729999999999999760e-01,3.119999999999999996e-01,9.709999999999999742e-01
3.007000000000000028e+01,-9.033244249447797136e-01,-3.892468422357086011e-01,1.458301271305574076e+00,-1.029621300660711614e-02,3.433557778309855642e-03,-1.249470719153324555e-01,2.829999999999999738e-01,9.639999999999999680e-01,2.919999999999999818e-01,9.659999999999999698e-01
3.012000000000000099e+01,-8.976390230075974586e-01,-3.971636495431130065e-01,1.459986358668440731e+00,-1.093561495468961878e-02,3.707442972317084081e-03,-1.245899551409593298e-01,3.059999999999999942e-01,9.320000000000000506e-01,3.109999999999999987e-01,9.330000000000000515e-01
3.017000000000000171e+01,-8.918429313518941859e-01,-4.047922254336708270e-01,1.462747135578290392e+00,-1.023444117010354794e-02,4.331084655824513421e-03,-1.077231107359680751e-01,3.519999999999999796e-01,8.940000000000000169e-01,3.489999999999999769e-01,8.950000000000000178e-01
3.021999999999999886e+01,-8.859337766921927537e-01,-4.121581170077684986e-01,1.465535052289387519e+00,-9.292475364499834523e-03,4.729115372031911235e-03,-7.637661586576394157e-02,4.349999999999999978e-01,8.219999999999999529e-01,4.359999999999999987e-01,8.179999999999999494e-01
3.026999999999999957e+01,-8.799148393154947456e-01,-4.192909063696634853e-01,1.467177906759051131e+00,-8.925412668883296596e-03,5.892411939165208452e-03,-3.409426300458368725e-02,5.600000000000000533e-01,7.129999999999999671e-01,5.600000000000000533e-01,7.139999999999999680e-01
3.032000000000000028e+01,-8.737757241632800875e-01,-4.262048567193291726e-01,1.466729712968483534e+00,-8.802149964375800134e-03,7.376760852774951784e-03,1.371539691940351288e-02,7.019999999999999574e-01,5.899999999999999689e-01,6.989999999999999547e-01,5.929999999999999716e-01
3.037000000000000099e+01,-8.674946979461888308e-01,-4.328951829567270204e-01,1.464342746289175823e+00,-8.989415260888393086e-03,7.766783762673506140e-03,6.030977584212462994e-02,8.379999999999999671e-01,4.630000000000000226e-01,8.349999999999999645e-01,4.640000000000000235e-01
3.042000000000000171e+01,-8.610641966773656675e-01,-4.393358821407150061e-01,1.461471066373594363e+00,-9.852841620352853491e-03,6.767840918666113460e-03,9.856839773408007654e-02,9.429999999999999494e-01,3.449999999999999734e-01,9.469999999999999529e-01,3.430000000000000271e-01
3.046999999999999886e+01,-8.545007277259746292e-01,-4.454843217112393061e-01,1.460243165246671193e+00,-9.968417777937714497e-03,6.699877056144882929e-03,1.222587386270458237e-01,9.809999999999999831e-01,2.859999999999999765e-01,9.829999999999999849e-01,2.849999999999999756e-01
3.051999999999999957e+01,-8.478075886051376076e-01,-4.513241753820890767e-01,1.461649149918882618e+00,-9.428941149936044194e-03,7.652627536375845169e-03,1.281609308668464897e-01,9.449999999999999512e-01,2.999999999999999889e-01,9.409999999999999476e-01,2.999999999999999889e-01
3.057000000000000028e+01,-8.409716067275589957e-01,-4.568748736843986080e-01,1.464571524953383275e+00,-9.793374262185211565e-03,7.838402390582031518e-03,1.169794686636840830e-01,9.140000000000000346e-01,3.290000000000000147e-01,9.110000000000000320e-01,3.310000000000000164e-01
3.062000000000000099e+01,-8.339950793596444534e-01,-4.621410777816170601e-01,1.467886524889267186e+00,-1.116753292964135780e-02,6.698027040046635773e-03,9.048855486682312599e-02,8.459999999999999742e-01,4.000000000000000222e-01,8.539999999999999813e-01,4.010000000000000231e-01
3.067000000000000171e+01,-8.269029307999616885e-01,-4.671145406272681488e-01,1.470495874277977677e+00,-1.123031321017425171e-02,6.449567848767776349e-03,5.153431273055109757e-02,7.540000000000000036e-01,5.110000000000000098e-01,7.550000000000000044e-01,5.110000000000000098e-01
3.071999999999999886e+01,-8.196981352278058797e-01,-4.718126256924913831e-01,1.471266229877977283e+00,-1.018496597115228254e-02,7.240327318244729575e-03,4.869229640387232050e-03,6.410000000000000142e-01,6.470000000000000195e-01,6.340000000000000080e-01,6.480000000000000204e-01
3.076999999999999957e+01,-8.123583719593113761e-01,-4.762662373283521045e-01,1.469861406001752080e+00,-9.865507969073119415e-03,6.777423155361260616e-03,-4.312229305913197613e-02,5.100000000000000089e-01,7.900000000000000355e-01,5.030000000000000027e-01,7.920000000000000373e-01
3.082000000000000028e+01,-8.048786310173449143e-01,-4.804803484160380389e-01,1.467303641267391434e+00,-1.048934432816745616e-02,4.412051063538063866e-03,-8.523201971316847481e-02,3.790000000000000036e-01,9.140000000000000346e-01,3.850000000000000089e-01,9.100000000000000311e-01
3.087000000000000099e+01,-7.972862362205885844e-01,-4.844233228594718721e-01,1.465611821829787109e+00,-1.183182750786468396e-02,3.078685190571549268e-03,-1.147848165224722022e-01,2.790000000000000258e-01,9.889999999999999902e-01,2.879999999999999782e-01,9.869999999999999885e-01
3.092000000000000171e+01,-7.895947418199548151e-01,-4.880465288966884807e-01,1.466485575567837873e+00,-1.273464753254661790e-02,3.532338395596603536e-03,-1.271815046057749032e-01,2.879999999999999782e-01,9.509999999999999565e-01,2.939999999999999836e-01,9.559999999999999609e-01
3.097000000000000242e+01,-7.817929073168364829e-01,-4.913397628452680355e-01,1.469320521474615449e+00,-1.197115032767395552e-02,4.148614010638571742e-03,-1.220050111480931038e-01,3.180000000000000049e-01,9.220000000000000417e-01,3.150000000000000022e-01,9.250000000000000444e-01
3.101999999999999957e+01,-7.738784054106154775e-01,-4.943373593602595761e-01,1.472880176452686429e+00,-1.020117266848834248e-02,3.789813402819836030e-03,-1.008109258074630504e-01,3.699999999999999956e-01,8.810000000000000053e-01,3.689999999999999947e-01,8.739999999999999991e-01
3.107000000000000028e+01,-7.658695019210405297e-01,-4.970853771733713122e-01,1.476128812186768613e+00,-1.009907139970628136e-02,4.697498697842684284e-03,-6.595084334234724288e-02,4.660000000000000253e-01,7.940000000000000391e-01,4.650000000000000244e-01,7.930000000000000382e-01
3.112000000000000099e+01,-7.577609441541820479e-01,-4.995970685146939316e-01,1.477880546351987734e+00,-1.143354820808434313e-02,6.659396618869804947e-03,-2.145261258830585133e-02,5.969999999999999751e-01,6.760000000000000453e-01,5.959999999999999742e-01,6.810000000000000497e-01
3.117000000000000171e+01,-7.495270891871957941e-01,-5.018507302493935285e-01,1.477388576449188529e+00,-1.223753712586007208e-02,7.468418062539275079e-03,2.686365499294144851e-02,7.409999999999999920e-01,5.500000000000000444e-01,7.379999999999999893e-01,5.560000000000000497e-01
3.122000000000000242e+01,-7.411613865627637576e-01,-5.038159249119370520e-01,1.475159156900442081e+00,-1.225875180297669557e-02,6.352819682304790792e-03,7.199306577525740880e-02,8.699999999999999956e-01,4.279999999999999916e-01,8.750000000000000000e-01,4.209999999999999853e-01
3.126999999999999957e+01,-7.326857214192252776e-01,-5.054656952686776838e-01,1.472952632052932254e+00,-1.169706270378908022e-02,6.288579861715498306e-03,1.068597201845478684e-01,9.659999999999999698e-01,3.200000000000000067e-01,9.659999999999999698e-01,3.099999999999999978e-01
3.132000000000000028e+01,-7.241003725809719294e-01,-5.067809639421688717e-01,1.472843670769675928e+00,-1.198593637355365067e-02,7.638671356657282356e-03,1.258099327383304100e-01,9.679999999999999716e-01,2.849999999999999756e-01,9.659999999999999698e-01,2.839999999999999747e-01
3.137000000000000099e+01,-7.153794820075448646e-01,-5.077445628036379999e-01,1.475106269919835622e+00,-1.345381616549878867e-02,8.800305576997397364e-03,1.269082367258441701e-01,9.350000000000000533e-01,2.999999999999999889e-01,9.320000000000000506e-01,3.099999999999999978e-01
3.142000000000000171e+01,-7.065101168158069989e-01,-5.083362781398856889e-01,1.478471469083187051e+00,-1.484514131194906300e-02,8.173160676664792401e-03,1.113957286506601640e-01,8.970000000000000195e-01,3.410000000000000253e-01,9.030000000000000249e-01,3.459999999999999742e-01
3.147000000000000242e+01,-6.975090141325058779e-01,-5.085455789664958814e-01,1.481883823823368695e+00,-1.464849781807400254e-02,7.309136835995748253e-03,8.119456067836065827e-02,8.279999999999999583e-01,4.239999999999999880e-01,8.279999999999999583e-01,4.239999999999999880e-01
3.151999999999999957e+01,-6.883925969369192321e-01,-5.084003703108211925e-01,1.484192222162526331e+00,-1.361097424319433064e-02,6.871360910026228820e-03,3.962516394742790493e-02,7.249999999999999778e-01,5.450000000000000400e-01,7.219999999999999751e-01,5.440000000000000391e-01
3.157000000000000028e+01,-6.791647043404483997e-01,-5.079434389445373066e-01,1.484388390129285140e+00,-1.333125748196229386e-02,5.821598366705238101e-03,-8.067317406322181694e-03,6.039999999999999813e-01,6.830000000000000515e-01,5.999999999999999778e-01,6.870000000000000551e-01
3.162000000000000099e+01,-6.698368255542597183e-01,-5.071902343612797459e-01,1.482466503151048887e+00,-1.352894689663049037e-02,3.449035511811854651e-03,-5.523067184623360604e-02,4.709999999999999742e-01,8.289999999999999591e-01,4.729999999999999760e-01,8.229999999999999538e-01
3.167000000000000171e+01,-6.604354465711007593e-01,-5.061196575010076248e-01,1.479797520885014706e+00,-1.510250368920484226e-02,2.601826676996671622e-03,-9.472381659824632982e-02,3.519999999999999796e-01,9.350000000000000533e-01,3.569999999999999840e-01,9.350000000000000533e-01
3.172000000000000242e+01,-6.509570660540900944e-01,-5.046706813664829649e-01,1.478504144353951055e+00,-1.650620325495696233e-02,3.173224022439648760e-03,-1.201983566244531482e-01,2.790000000000000258e-01,9.799999999999999822e-01,2.819999999999999729e-01,9.839999999999999858e-01
3.176999999999999957e+01,-6.413722611195606937e-01,-5.027970481050899609e-01,1.479779358098379127e+00,-1.631915145912670936e-02,3.334162562816240551e-03,-1.280262878323274733e-01,2.969999999999999862e-01,9.409999999999999476e-01,2.949999999999999845e-01,9.469999999999999529e-01
3.182000000000000028e+01,-6.316816861891463297e-01,-5.005220294218277743e-01,1.482619974282694653e+00,-1.476105577505452612e-02,2.493110332422390600e-03,-1.186260778640345209e-01,3.240000000000000102e-01,9.200000000000000400e-01,3.240000000000000102e-01,9.110000000000000320e-01
3.187000000000000099e+01,-6.219111922193357733e-01,-4.978918894320273902e-01,1.485884828419412385e+00,-1.520243632463807136e-02,3.747868147952288561e-03,-9.374784797067735320e-02,3.890000000000000124e-01,8.579999999999999849e-01,3.890000000000000124e-01,8.589999999999999858e-01
3.192000000000000171e+01,-6.120475332470923790e-01,-4.949160081107097375e-01,1.488501885770320721e+00,-1.661027901721973121e-02,6.037338099850594539e-03,-5.606910817382578655e-02,4.969999999999999973e-01,7.620000000000000107e-01,4.949999999999999956e-01,7.700000000000000178e-01
3.197000000000000242e+01,-6.020617715219570565e-01,-4.915838072674957870e-01,1.489322118472784284e+00,-1.656014046063769216e-02,6.560955834810718208e-03,-1.005882116423379921e-02,6.310000000000000053e-01,6.470000000000000195e-01,6.300000000000000044e-01,6.530000000000000249e-01
3.202000000000000313e+01,-5.919628366826363841e-01,-4.878993629899217588e-01,1.487885225824879365e+00,-1.490930925888140322e-02,4.944234413864301812e-03,3.809204129251747561e-02,7.740000000000000213e-01,5.270000000000000240e-01,7.760000000000000231e-01,5.140000000000000124e-01
3.207000000000000028e+01,-5.817925714898739553e-01,-4.838772287462206889e-01,1.485057894770138054e+00,-1.408512634374934486e-02,4.530864098825978549e-03,8.117630413670841316e-02,8.980000000000000204e-01,4.020000000000000240e-01,8.980000000000000204e-01,3.910000000000000142e-01
3.211999999999999744e+01,-5.715659628306638540e-01,-4.795035365574396025e-01,1.482774660100028452e+00,-1.498616503976146416e-02,6.174600314407772093e-03,1.123990294702401777e-01,9.819999999999999840e-01,2.909999999999999809e-01,9.819999999999999840e-01,2.939999999999999836e-01
3.217000000000000171e+01,-5.612518111177832170e-01,-4.747244149019896886e-01,1.482854211150802515e+00,-1.646379030126243412e-02,7.849096274699738501e-03,1.268599446324460978e-01,9.579999999999999627e-01,2.800000000000000266e-01,9.569999999999999618e-01,2.979999999999999871e-01
3.221999999999999886e+01,-5.508237244816348577e-01,-4.695040635876621127e-01,1.484994979600023024e+00,-1.705146464792597905e-02,7.362722300738521256e-03,1.236859734263015265e-01,9.240000000000000435e-01,3.079999999999999960e-01,9.290000000000000480e-01,3.160000000000000031e-01
3.227000000000000313e+01,-5.402975646291678924e-01,-4.638541801750637461e-01,1.487959987817704555e+00,-1.563230300748517584e-02,6.107150718753132958e-03,1.043143040359261892e-01,8.850000000000000089e-01,3.609999999999999876e-01,8.850000000000000089e-01,3.589999999999999858e-01
3.232000000000000028e+01,-5.296956157445024127e-01,-4.578311273730615305e-01,1.490708453478147621e+00,-1.348692802163270303e-02,5.393662740769122714e-03,7.090417715795523101e-02,8.060000000000000497e-01,4.520000000000000129e-01,8.030000000000000471e-01,4.490000000000000102e-01
3.236999999999999744e+01,-5.190263755849044980e-01,-4.515057198593648291e-01,1.492070804204167711e+00,-1.233783281911814481e-02,4.335831016686995595e-03,2.726336701868252443e-02,6.939999999999999503e-01,5.769999999999999574e-01,6.919999999999999485e-01,5.829999999999999627e-01
3.242000000000000171e+01,-5.083052328402206665e-01,-4.449234460502584088e-01,1.491225263625473918e+00,-1.154251872621456232e-02,2.278693004386747514e-03,-2.094877008919572223e-02,5.669999999999999485e-01,7.259999999999999787e-01,5.699999999999999512e-01,7.179999999999999716e-01
3.246999999999999886e+01,-4.975575019158384737e-01,-4.381000648869038394e-01,1.488515418948914038e+00,-1.203117676347820707e-02,2.068241372948885059e-03,-6.683512754692567948e-02,4.420000000000000040e-01,8.559999999999999831e-01,4.430000000000000049e-01,8.559999999999999831e-01
3.252000000000000313e+01,-4.867719365240815166e-01,-4.310107475405881572e-01,1.485586362054283960e+00,-1.295522927979214992e-02,3.164567358556396020e-03,-1.032821821552692559e-01,3.270000000000000129e-01,9.549999999999999600e-01,3.280000000000000138e-01,9.599999999999999645e-01
3.257000000000000028e+01,-4.759061740278693886e-01,-4.236172349766124667e-01,1.484540769074192967e+00,-1.227674020971902293e-02,3.101815492548714442e-03,-1.243660913158314840e-01,2.849999999999999756e-01,9.699999999999999734e-01,2.829999999999999738e-01,9.749999999999999778e-01
3.261999999999999744e+01,-4.649576320186634137e-01,-4.159346257269549985e-01,1.485959887678560909e+00,-9.639889340786335359e-03,1.238557906504417694e-03,-1.275915449358178133e-01,3.029999999999999916e-01,9.439999999999999503e-01,3.009999999999999898e-01,9.310000000000000497e-01
3.267000000000000171e+01,-4.539742855400088484e-01,-4.080296209749309511e-01,1.488628340360437230e+00,-9.500976896042715239e-03,1.871075291741226268e-03,-1.140178144796872572e-01,3.370000000000000218e-01,9.050000000000000266e-01,3.360000000000000209e-01,9.050000000000000266e-01
3.271999999999999886e+01,-4.429500723307032151e-01,-3.999195117457650661e-01,1.491464718131819467e+00,-1.134868491080375831e-02,4.457191725896099410e-03,-8.550316947208878859e-02,4.139999999999999791e-01,8.339999999999999636e-01,4.139999999999999791e-01,8.429999999999999716e-01
3.277000000000000313e+01,-4.318398405807106211e-01,-3.915835721124056867e-01,1.493349349922327152e+00,-1.102575793692437550e-02,5.080247908044030133e-03,-4.513677091459160351e-02,5.280000000000000249e-01,7.329999999999999849e-01,5.280000000000000249e-01,7.419999999999999929e-01
3.282000000000000028e+01,-4.206459176998929572e-01,-3.830383595242101702e-01,1.493219406548764283e+00,-8.215280754759661172e-03,3.267964666705410869e-03,2.090166745300061756e-03,6.710000000000000409e-01,6.229999999999999982e-01,6.700000000000000400e-01,6.059999999999999831e-01
3.286999999999999744e+01,-4.094116522585650730e-01,-3.743340353189796854e-01,1.490937803871858369e+00,-7.393585330421132557e-03,3.211416611072190602e-03,4.961742735264571685e-02,8.110000000000000542e-01,4.919999999999999929e-01,8.100000000000000533e-01,4.829999999999999849e-01
3.292000000000000171e+01,-3.981421238272165875e-01,-3.654753518232659038e-01,1.487727891047906814e+00,-9.041810874717969015e-03,5.554229393312071217e-03,9.024667748865310146e-02,9.250000000000000444e-01,3.629999999999999893e-01,9.250000000000000444e-01,3.719999999999999973e-01
3.296999999999999886e+01,-3.867891084942705615e-01,-3.564024208805958160e-01,1.485652469371079976e+00,-1.059844815240944260e-02,7.381983528485978018e-03,1.175013168414819203e-01,9.889999999999999902e-01,2.690000000000000169e-01,9.879999999999999893e-01,2.929999999999999827e-01
3.302000000000000313e+01,-3.753140845473608711e-01,-3.470564090383728151e-01,1.486147418462162362e+00,-1.045387030950909943e-02,6.598934031404790103e-03,1.273370713287720890e-01,9.479999999999999538e-01,2.929999999999999827e-01,9.509999999999999565e-01,2.959999999999999853e-01
3.307000000000000028e+01,-3.637392030395448783e-01,-3.374519873228559175e-01,1.488402049606249111e+00,-8.545402938995852113e-03,5.214524403303825995e-03,1.197934521804095709e-01,9.200000000000000400e-01,3.240000000000000102e-01,9.200000000000000400e-01,3.160000000000000031e-01
3.311999999999999744e+01,-3.520961253133595981e-01,-3.276498214244835117e-01,1.491225068273904331e+00,-7.220702307095904111e-03,4.574316269638446265e-03,9.649978962150833339e-02,8.689999999999999947e-01,3.830000000000000071e-01,8.659999999999999920e-01,3.800000000000000044e-01
3.317000000000000171e+01,-3.403991044485915607e-01,-3.176943572542937910e-01,1.493552581574739468e+00,-7.391121357626876526e-03,3.728318707712792012e-03,6.000799632208825285e-02,7.800000000000000266e-01,4.789999999999999813e-01,7.780000000000000249e-01,4.869999999999999885e-01
3.321999999999999886e+01,-3.286681171014284031e-01,-3.075990178175973533e-01,1.494208109095536585e+00,-7.831652157004556636e-03,1.858969040441874705e-03,1.464607531851875796e-02,6.610000000000000320e-01,6.219999999999999973e-01,6.650000000000000355e-01,6.139999999999999902e-01
3.327000000000000313e+01,-3.169323283321292539e-01,-2.973611344708893545e-01,1.492629988455326018e+00,-8.915840861391827188e-03,1.949693104635021957e-03,-3.353698873028196359e-02,5.350000000000000311e-01,7.590000000000000080e-01,5.360000000000000320e-01,7.590000000000000080e-01
3.332000000000000028e+01,-3.051801138103672484e-01,-2.869549761813938171e-01,1.489532535570814664e+00,-9.956856982991436553e-03,3.410657160085762453e-03,-7.748772564790259998e-02,4.099999999999999756e-01,8.850000000000000089e-01,4.069999999999999729e-01,8.910000000000000142e-01
3.336999999999999744e+01,-2.933671612564827669e-01,-2.763476599253376076e-01,1.486766350800349690e+00,-9.355360256645879960e-03,3.051989301280704555e-03,-1.102876557028969473e-01,3.049999999999999933e-01,9.729999999999999760e-01,3.039999999999999925e-01,9.789999999999999813e-01
3.342000000000000171e+01,-2.814916344386349523e-01,-2.655409081232329993e-01,1.486287337329750047e+00,-7.108935928132521613e-03,6.863766767903040729e-04,-1.266593677625754699e-01,2.889999999999999791e-01,9.689999999999999725e-01,2.879999999999999782e-01,9.569999999999999618e-01
3.346999999999999886e+01,-2.696045237889553303e-01,-2.545777327835742065e-01,1.488057763100945285e+00,-7.701783921770189931e-03,1.179445487186059609e-03,-1.252762333348298174e-01,3.089999999999999969e-01,9.290000000000000480e-01,3.099999999999999978e-01,9.300000000000000488e-01
3.352000000000000313e+01,-2.576991297040497342e-01,-2.434588302253435366e-01,1.490783422035509398e+00,-9.646989657679469823e-03,3.304544373543769672e-03,-1.075174681222898082e-01,3.519999999999999796e-01,8.870000000000000107e-01,3.539999999999999813e-01,8.970000000000000195e-01
3.357000000000000028e+01,-2.457330349715460271e-01,-2.321573940322287366e-01,1.493414732876150897e+00,-9.163239890825148129e-03,3.577660563459185861e-03,-7.543415841268319433e-02,4.410000000000000031e-01,8.100000000000000533e-01,4.430000000000000049e-01,8.179999999999999494e-01
3.361999999999999744e+01,-2.337122177674562373e-01,-2.206939540103517450e-01,1.494787592103463680e+00,-6.100360839043774547e-03,1.975765772608959435e-03,-3.264163979851362335e-02,5.649999999999999467e-01,7.129999999999999671e-01,5.649999999999999467e-01,6.969999999999999529e-01
3.367000000000000171e+01,-2.216764675439496513e-01,-2.091296479922751528e-01,1.493995946658831286e+00,-5.409306163412576883e-03,2.793642408682174300e-03,1.532957970045899232e-02,7.069999999999999618e-01,5.839999999999999636e-01,7.069999999999999618e-01,5.809999999999999609e-01
3.371999999999999886e+01,-2.096156772458963868e-01,-1.974768667719450366e-01,1.491250489581580130e+00,-7.006912630424527375e-03,5.468009047946528062e-03,6.169132398976930748e-02,8.449999999999999734e-01,4.460000000000000075e-01,8.459999999999999742e-01,4.600000000000000200e-01
3.377000000000000313e+01,-1.974763143506822471e-01,-1.856891500496390957e-01,1.488089920983570291e+00,-7.596738555026140947e-03,6.656408416063974015e-03,9.933485042518436225e-02,9.509999999999999565e-01,3.270000000000000129e-01,9.489999999999999547e-01,3.509999999999999787e-01
3.382000000000000028e+01,-1.852306373613163415e-01,-1.737327410286344520e-01,1.486633686502185858e+00,-5.909992631828594849e-03,4.590842069813742821e-03,1.221822660071186367e-01,9.769999999999999796e-01,2.859999999999999765e-01,9.789999999999999813e-01,2.819999999999999729e-01
3.386999999999999744e+01,-1.729213521562464606e-01,-1.616462831789796384e-01,1.487734146468252527e+00,-3.059151445978334095e-03,2.049009916726375006e-03,1.272283240529540616e-01,9.409999999999999476e-01,3.079999999999999960e-01,9.399999999999999467e-01,2.919999999999999818e-01
3.392000000000000171e+01,-1.606062655923000959e-01,-1.495113688246423878e-01,1.490246076906049044e+00,-1.591803408951855594e-03,1.194871399097055444e-03,1.152690852469982208e-01,9.110000000000000320e-01,3.360000000000000209e-01,9.090000000000000302e-01,3.270000000000000129e-01
3.396999999999999886e+01,-1.483050788359340788e-01,-1.373706273470499950e-01,1.493050682227798465e+00,-2.077774929809004644e-03,1.440629155939760582e-03,8.810912849203911268e-02,8.489999999999999769e-01,4.000000000000000222e-01,8.479999999999999760e-01,4.069999999999999729e-01
3.402000000000000313e+01,-1.360165141130397493e-01,-1.252194571309450666e-01,1.495048586270000701e+00,-2.901891282921924796e-03,1.235837224417283414e-03,4.867634508866006127e-02,7.479999999999999982e-01,5.200000000000000178e-01,7.520000000000000018e-01,5.140000000000000124e-01
3.407000000000000028e+01,-1.237406614654745357e-01,-1.130421715760646095e-01,1.495144703955624266e+00,-4.071024593288364961e-03,2.406559209949715120e-03,1.768358308041095926e-03,6.300000000000000044e-01,6.540000000000000258e-01,6.280000000000000027e-01,6.530000000000000249e-01
3.411999999999999744e+01,-1.114502775660562855e-01,-1.008155360339094281e-01,1.493062661325852858e+00,-5.350470217545479426e-03,4.190552466203181260e-03,-4.617889201981121433e-02,5.030000000000000027e-01,7.910000000000000364e-01,5.010000000000000009e-01,7.990000000000000435e-01
3.417000000000000171e+01,-9.910182499687007762e-02,-8.851354915265406686e-02,1.489865684574650739e+00,-5.044271875858111209e-03,3.690670051150076424e-03,-8.799558835340180740e-02,3.780000000000000027e-01,9.130000000000000338e-01,3.780000000000000027e-01,9.210000000000000409e-01
3.421999999999999886e+01,-8.669718199071259346e-02,-7.613966652628589848e-02,1.487623692130312092e+00,-2.764261571266721056e-03,1.062739434256548951e-03,-1.169835683879792421e-01,2.819999999999999729e-01,9.959999999999999964e-01,2.810000000000000275e-01,9.859999999999999876e-01
3.427000000000000313e+01,-7.428819213100959495e-02,-6.373058407117548896e-02,1.487953766793699950e+00,-3.214886681440866107e-03,1.258075737893020766e-03,-1.287128003607342364e-01,2.929999999999999827e-01,9.519999999999999574e-01,2.919999999999999818e-01,9.529999999999999583e-01
3.432000000000000028e+01,-6.187354972928001129e-02,-5.128177825355108993e-02,1.490166715060849079e+00,-5.049374358031399369e-03,2.868384960808394515e-03,-1.229286504727737372e-01,3.160000000000000031e-01,9.180000000000000382e-01,3.170000000000000040e-01,9.270000000000000462e-01
3.436999999999999744e+01,-4.941825188097916099e-02,-3.876305247685413874e-02,1.493033735499380565e+00,-4.691528859265279953e-03,2.661054431850035703e-03,-1.012084417370777423e-01,3.699999999999999956e-01,8.719999999999999973e-01,3.719999999999999973e-01,8.790000000000000036e-01
3.442000000000000171e+01,-3.693409791077450349e-02,-2.618688258196978993e-02,1.495524252656029063e+00,-1.937066916838614452e-03,7.084855177557386908e-04,-6.591847272956047332e-02,4.719999999999999751e-01,7.980000000000000426e-01,4.699999999999999734e-01,7.800000000000000266e-01
3.446999999999999886e+01,-2.446449327506489135e-02,-1.360378067211923461e-02,1.496459091567095667e+00,-2.281543070056752092e-03,1.844268560479420289e-03,-2.118629210305024782e-02,6.049999999999999822e-01,6.750000000000000444e-01,6.039999999999999813e-01,6.750000000000000444e-01
3.452000000000000313e+01,-1.199088627003348263e-02,-1.009559711488499777e-03,1.495169043194830572e+00,-4.672938929298496406e-03,4.828336822992020799e-03,2.704832197628093127e-02,7.449999999999999956e-01,5.400000000000000355e-01,7.449999999999999956e-01,5.540000000000000480e-01
3.457000000000000028e+01,5.445906619198694629e-04,1.164728766946512839e-02,1.492226814277751945e+00,-4.978051790152109371e-03,5.747755150289234408e-03,7.172537967185149688e-02,8.780000000000000027e-01,4.089999999999999747e-01,8.770000000000000018e-01,4.289999999999999925e-01
3.461999999999999744e+01,1.316333618550447927e-02,2.438535299893708833e-02,1.489416249840664896e+00,-2.342491226301905531e-03,3.235887679439824506e-03,1.058349526442662475e-01,9.689999999999999725e-01,3.170000000000000040e-01,9.699999999999999734e-01,3.069999999999999951e-01
3.467000000000000171e+01,2.581939096529675334e-02,3.714870055660516451e-02,1.488762447123688659e+00,7.499050070691025026e-04,5.654001389780115815e-04,1.238552914261933230e-01,9.669999999999999707e-01,2.969999999999999862e-01,9.659999999999999698e-01,2.750000000000000222e-01
3.471999999999999886e+01,3.845559232039386099e-02,4.985592957367827177e-02,1.490429076221988058e+00,1.832835174800057998e-03,-4.876035976905705526e-05,1.240525723927851653e-01,9.330000000000000515e-01,3.140000000000000013e-01,9.320000000000000506e-01,2.989999999999999880e-01
3.477000000000000313e+01,5.105721669985011091e-02,6.247866948856183739e-02,1.493149643111783664e+00,5.917825732556324233e-04,8.430488741068010430e-04,1.077041218227297731e-01,8.980000000000000204e-01,3.430000000000000271e-01,8.960000000000000187e-01,3.509999999999999787e-01
3.482000000000000028e+01,6.363711969397042867e-02,7.504602739795358801e-02,1.495876155270670083e+00,-1.074949855369645947e-03,1.155085405881583907e-03,7.679701914120780348e-02,8.209999999999999520e-01,4.309999999999999942e-01,8.259999999999999565e-01,4.279999999999999916e-01
3.486999999999999744e+01,7.620271034497362594e-02,8.759601167107948505e-02,1.497448378250501255e+00,-2.165436285591752687e-03,2.328967312356167337e-03,3.475526746306163706e-02,7.169999999999999707e-01,5.530000000000000471e-01,7.159999999999999698e-01,5.530000000000000471e-01
3.492000000000000171e+01,8.877773554054239902e-02,1.001523337214243747e-01,1.496901564748858604e+00,-2.837600644915324721e-03,3.794621308071927102e-03,-1.310810632388738524e-02,5.959999999999999742e-01,6.899999999999999467e-01,5.939999999999999725e-01,6.979999999999999538e-01
3.496999999999999886e+01,1.013924038554839258e-01,1.127248132732167618e-01,1.494318068569374214e+00,-1.861201460650588899e-03,2.984938019118791967e-03,-6.004388665724899599e-02,4.650000000000000244e-01,8.299999999999999600e-01,4.640000000000000235e-01,8.379999999999999671e-01
3.502000000000000313e+01,1.140316977327572867e-01,1.252890246665661622e-01,1.491135596450571033e+00,1.215283839331613271e-03,-1.654111222409824654e-04,-9.885969690229222395e-02,3.459999999999999742e-01,9.449999999999999512e-01,3.489999999999999769e-01,9.350000000000000533e-01
3.507000000000000028e+01,1.266284359373019419e-01,1.377842442481680696e-01,1.489481964686570237e+00,2.092438995820276350e-03,-6.943776501787996165e-04,-1.232968334474828370e-01,2.829999999999999738e-01,9.829999999999999849e-01,2.829999999999999738e-01,9.819999999999999840e-01
3.511999999999999744e+01,1.391620385163187812e-01,1.501853488666585190e-01,1.490417416271516471e+00,1.449424092138137769e-03,6.327294915513852680e-04,-1.299963344982366098e-01,2.969999999999999862e-01,9.399999999999999467e-01,2.979999999999999871e-01,9.459999999999999520e-01
3.517000000000000171e+01,1.516626135766589167e-01,1.625020099319836042e-01,1.492858946813592658e+00,1.950106665381260785e-03,9.922258982381180082e-04,-1.195668610495680406e-01,3.280000000000000138e-01,9.090000000000000302e-01,3.270000000000000129e-01,9.180000000000000382e-01
3.521999999999999886e+01,1.641341635008428945e-01,1.747206142132665951e-01,1.495682122972194827e+00,4.614367571881857269e-03,-9.569820512996130967e-04,-9.375266202182221120e-02,3.950000000000000178e-01,8.619999999999999885e-01,3.930000000000000160e-01,8.479999999999999760e-01
3.527000000000000313e+01,1.765368453971598028e-01,1.867955600225073842e-01,1.497799218421938638e+00,4.913834864459444736e-03,-1.190050833698918500e-03,-5.532094564323247754e-02,5.040000000000000036e-01,7.630000000000000115e-01,5.020000000000000018e-01,7.600000000000000089e-01
3.532000000000000028e+01,1.888691913849565029e-01,1.987247964170642534e-01,1.498069802904719028e+00,2.613591035004234932e-03,4.458660693653017544e-04,-8.912898459666728987e-03,6.410000000000000142e-01,6.370000000000000107e-01,6.420000000000000151e-01,6.480000000000000204e-01
3.536999999999999744e+01,2.011669896662567902e-01,2.105522799577494164e-01,1.496108206604753521e+00,1.793072711709340272e-03,7.543594323483151544e-04,3.914807969227075690e-02,7.850000000000000311e-01,5.030000000000000027e-01,7.850000000000000311e-01,5.180000000000000160e-01
3.542000000000000171e+01,2.134383818638051489e-01,2.222921155217269795e-01,1.492868429658380069e+00,3.723642130762886727e-03,-1.174413819123029190e-03,8.172392843679406049e-02,9.060000000000000275e-01,3.950000000000000178e-01,9.080000000000000293e-01,3.820000000000000062e-01
3.546999999999999886e+01,2.256488904555574437e-01,2.338953808375361654e-01,1.490362584047878025e+00,5.628427228301750851e-03,-2.477275204499771420e-03,1.120292496471357729e-01,9.849999999999999867e-01,2.969999999999999862e-01,9.869999999999999885e-01,2.810000000000000275e-01
3.552000000000000313e+01,2.377741552528051250e-01,2.453055971127926504e-01,1.490325382208854688e+00,5.807666386873397424e-03,-1.666830828514859588e-03,1.253530674443517900e-01,9.569999999999999618e-01,2.929999999999999827e-01,9.539999999999999591e-01,2.889999999999999791e-01
3.557000000000000028e+01,2.498356888677510934e-01,2.565225031514384857e-01,1.492282809909534214e+00,4.585119128558898249e-03,-2.057692180864609873e-04,1.210685827068139903e-01,9.270000000000000462e-01,3.079999999999999960e-01,9.230000000000000426e-01,3.200000000000000067e-01
3.561999999999999744e+01,2.618623018350901277e-01,2.675852526028090761e-01,1.494992839666626772e+00,3.297713836004051002e-03,-1.535298226723089783e-04,1.006856104324317241e-01,8.790000000000000036e-01,3.639999999999999902e-01,8.830000000000000071e-01,3.639999999999999902e-01
3.567000000000000171e+01,2.738555355652275147e-01,2.785282651544709887e-01,1.497421517949268699e+00,3.086633863887792983e-03,4.497463150313399903e-04,6.646530814975971924e-02,8.000000000000000444e-01,4.580000000000000182e-01,8.000000000000000444e-01,4.580000000000000182e-01
3.571999999999999886e+01,2.858253701075129660e-01,2.893630846560791836e-01,1.498398179410993514e+00,3.370198814870543902e-03,1.563910411061509870e-03,2.233171452985153668e-02,6.889999999999999458e-01,5.859999999999999654e-01,6.860000000000000542e-01,5.919999999999999707e-01
3.577000000000000313e+01,2.977891600643590708e-01,3.000860622372745756e-01,1.497152103513804233e+00,4.157158799738660052e-03,1.146903124052528348e-03,-2.595029951286466005e-02,5.629999999999999449e-01,7.269999999999999796e-01,5.620000000000000551e-01,7.349999999999999867e-01
3.582000000000000028e+01,3.097321375026900747e-01,3.106752235031929321e-01,1.494106400239750609e+00,5.847568034243814418e-03,-9.428627519029109593e-04,-7.144622235579081715e-02,4.299999999999999933e-01,8.689999999999999947e-01,4.349999999999999978e-01,8.609999999999999876e-01
3.586999999999999744e+01,3.216082121002914462e-01,3.210911021858252612e-01,1.490973824732117592e+00,6.030646213630460294e-03,-6.751245980057991045e-04,-1.070807909494026766e-01,3.220000000000000084e-01,9.639999999999999680e-01,3.240000000000000102e-01,9.629999999999999671e-01
3.592000000000000171e+01,3.334142832186881567e-01,3.313158325238937940e-01,1.489847235204583509e+00,5.637111240040819024e-03,1.002165620397944996e-03,-1.270899036418854100e-01,2.859999999999999765e-01,9.689999999999999725e-01,2.859999999999999765e-01,9.739999999999999769e-01
3.596999999999999886e+01,3.451858273458335846e-01,3.413489349183893018e-01,1.491156748636218055e+00,6.703234412643632560e-03,1.499778554621801615e-03,-1.292580932743513100e-01,3.059999999999999942e-01,9.340000000000000524e-01,3.029999999999999916e-01,9.379999999999999449e-01
3.602000000000000313e+01,3.569305536437791249e-01,3.511703174110638592e-01,1.493666483243897281e+00,8.733101722466244873e-03,5.451859041170839396e-04,-1.147023282870142658e-01,3.420000000000000262e-01,9.070000000000000284e-01,3.390000000000000235e-01,8.980000000000000204e-01
3.607000000000000028e+01,3.686309104005744408e-01,3.607493013953544936e-01,1.496311611513905016e+00,8.110676897674605479e-03,1.305621756164193408e-03,-8.529879907098496250e-02,4.199999999999999845e-01,8.329999999999999627e-01,4.179999999999999827e-01,8.349999999999999645e-01
3.611999999999999744e+01,3.803077030554848359e-01,3.701057513200187721e-01,1.497963399365122239e+00,6.323644336591092464e-03,2.393299710684105956e-03,-4.428369131577983980e-02,5.390000000000000346e-01,7.259999999999999787e-01,5.380000000000000338e-01,7.369999999999999885e-01
3.617000000000000171e+01,3.919888460446763201e-01,3.792829889620207284e-01,1.497583442247279795e+00,6.341939622654376406e-03,1.211070611458009080e-03,3.191352431705712575e-03,6.770000000000000462e-01,6.049999999999999822e-01,6.770000000000000462e-01,6.119999999999999885e-01
3.621999999999999886e+01,4.036546471731434771e-01,3.882831574342903713e-01,1.495082924658468926e+00,8.314815208953746373e-03,-2.149210956368061490e-03,5.052189055219370034e-02,8.179999999999999494e-01,4.849999999999999867e-01,8.209999999999999520e-01,4.719999999999999751e-01
3.627000000000000313e+01,4.152446865190145275e-01,3.970545926920456270e-01,1.491758071801825292e+00,9.784241544795376291e-03,-3.951191765746745257e-03,9.057351338992707113e-02,9.310000000000000497e-01,3.659999999999999920e-01,9.310000000000000497e-01,3.549999999999999822e-01
3.632000000000000028e+01,4.267227736834994234e-01,4.055407464775461213e-01,1.489707471292589513e+00,9.534715307509572524e-03,-3.564356030679238958e-03,1.169154321016122322e-01,9.859999999999999876e-01,2.810000000000000275e-01,9.839999999999999858e-01,2.800000000000000266e-01
3.636999999999999744e+01,4.380975647666310313e-01,4.137342367651666297e-01,1.490238683559903299e+00,8.125193581462322040e-03,-2.889199186360192316e-03,1.256984199103859667e-01,9.479999999999999538e-01,2.889999999999999791e-01,9.459999999999999520e-01,3.019999999999999907e-01
3.642000000000000171e+01,4.493840692853152685e-01,4.216785899349540512e-01,1.492432214751601371e+00,7.232358296454239992e-03,-3.241791392285914633e-03,1.171763619842925014e-01,9.150000000000000355e-01,3.200000000000000067e-01,9.210000000000000409e-01,3.240000000000000102e-01
3.646999999999999886e+01,4.605767801829613317e-01,4.294036115920234487e-01,1.495114789406825295e+00,8.278079088964980167e-03,-2.932831325948371051e-03,9.303814055319878373e-02,8.639999999999999902e-01,3.850000000000000089e-01,8.629999999999999893e-01,3.860000000000000098e-01
3.652000000000000313e+01,4.716829164464093616e-01,4.368981648435574239e-01,1.497222435623592141e+00,1.010213258207087392e-02,-1.952178941053008031e-03,5.589641622794466747e-02,7.740000000000000213e-01,4.879999999999999893e-01,7.700000000000000178e-01,4.889999999999999902e-01
3.657000000000000028e+01,4.827188818861800068e-01,4.441376850001022558e-01,1.497594082539780658e+00,1.117194720795175629e-02,-2.045771947272262414e-03,1.013960711752060276e-02,6.550000000000000266e-01,6.219999999999999973e-01,6.530000000000000249e-01,6.280000000000000027e-01
3.661999999999999744e+01,4.936730137706285548e-01,4.511045969163225977e-01,1.495706238056704995e+00,1.215413927546114999e-02,-3.404882988561869651e-03,-3.812271742895644716e-02,5.250000000000000222e-01,7.710000000000000187e-01,5.310000000000000275e-01,7.650000000000000133e-01
3.667000000000000171e+01,5.045063600343849819e-01,4.577729256245176570e-01,1.492369726143252695e+00,1.265815303824098688e-02,-3.120918074259295630e-03,-8.172080651408447638e-02,4.010000000000000231e-01,8.930000000000000160e-01,4.050000000000000266e-01,8.910000000000000142e-01
3.671999999999999886e+01,5.152054775087339111e-01,4.641109193434933000e-01,1.489476075354197793e+00,1.298271177634858012e-02,-1.219128998824959686e-03,-1.138061651114357087e-01,2.989999999999999880e-01,9.779999999999999805e-01,2.959999999999999853e-01,9.809999999999999831e-01
3.677000000000000313e+01,5.257968102820154144e-01,4.700838036979932966e-01,1.488936681043847354e+00,1.393931548181584837e-02,3.121841703483374780e-05,-1.292799279808699298e-01,2.929999999999999827e-01,9.589999999999999636e-01,2.839999999999999747e-01,9.619999999999999662e-01
3.682000000000000028e+01,5.363030786872101663e-01,4.756683579134047268e-01,1.490576105680678110e+00,1.498510112983710528e-02,-3.270425215218555849e-04,-1.270303209969635971e-01,3.130000000000000004e-01,9.310000000000000497e-01,3.079999999999999960e-01,9.250000000000000444e-01
3.686999999999999744e+01,5.467218769384432075e-01,4.808631301991271867e-01,1.493116625571516698e+00,1.388656766388709357e-02,-2.392763905188775614e-04,-1.084637278512987080e-01,3.569999999999999840e-01,8.870000000000000107e-01,3.549999999999999822e-01,8.890000000000000124e-01
3.692000000000000171e+01,5.570650555056766429e-01,4.857069772928537255e-01,1.495510027301210521e+00,1.191045029406436785e-02,-1.787374794330627960e-04,-7.571677428862856607e-02,4.450000000000000067e-01,8.070000000000000506e-01,4.450000000000000067e-01,8.129999999999999449e-01
